origin_id,timestamp,step,actual,prediction,lower,upper,model
1,2016-05-13 18:00:00,1,348.3333333333333,241.43610915071565,121.37449504304269,361.49772325838865,sarima
1,2016-05-13 19:00:00,2,208.33333333333337,163.04787668109591,35.279741800344695,290.8160115618471,sarima
1,2016-05-13 20:00:00,3,120.0,138.6027223735999,3.5947555987891917,273.61068914841064,sarima
1,2016-05-13 21:00:00,4,63.333333333333336,97.48053358920573,-40.38113977864991,235.34220695706136,sarima
1,2016-05-13 22:00:00,5,55.0,75.17210665505186,-64.12832014386316,214.4725334539669,sarima
1,2016-05-13 23:00:00,6,61.666666666666664,64.57361281946986,-75.70029075049099,204.84751638943072,sarima
1,2016-05-14 00:00:00,7,58.333333333333336,59.42843271077933,-81.29648324294243,200.1533486645011,sarima
1,2016-05-14 01:00:00,8,63.333333333333336,57.6923743060987,-83.23762558650999,198.6223741987074,sarima
1,2016-05-14 02:00:00,9,60.0,55.75246179552318,-85.27189503440115,196.7768186254475,sarima
1,2016-05-14 03:00:00,10,60.0,53.8690087546372,-87.19856378576182,194.93658129503623,sarima
1,2016-05-14 04:00:00,11,60.0,53.410842908488455,-87.67657737013965,194.49826318711658,sarima
1,2016-05-14 05:00:00,12,56.666666666666664,62.418027791729045,-78.67849794163244,203.51455352509055,sarima
1,2016-05-14 06:00:00,13,63.333333333333336,72.29772425769735,-68.80298147325684,213.39842998865154,sarima
1,2016-05-14 07:00:00,14,113.33333333333331,100.93881904959933,-40.16380506102793,242.0414431602266,sarima
1,2016-05-14 08:00:00,15,133.33333333333334,116.98806342983312,-24.115441243343156,258.0915681030094,sarima
1,2016-05-14 09:00:00,16,118.33333333333331,105.99221610103422,-35.111692736363466,247.0961249384319,sarima
1,2016-05-14 10:00:00,17,158.33333333333334,113.0013635637189,-28.102730785423446,254.10545791286125,sarima
1,2016-05-14 11:00:00,18,96.66666666666669,117.9525969572395,-23.15158254063641,259.0567764551154,sarima
1,2016-05-14 12:00:00,19,116.66666666666669,111.57916201601086,-29.52505656493443,252.68338059695614,sarima
1,2016-05-14 13:00:00,20,113.33333333333331,104.8936570743256,-36.21057944559212,245.99789359424332,sarima
1,2016-05-14 14:00:00,21,106.66666666666669,102.01726782315748,-39.086976930673444,243.1215125769884,sarima
1,2016-05-14 15:00:00,22,130.0,96.02838604133717,-45.075862491722575,237.13263457439692,sarima
1,2016-05-14 16:00:00,23,111.66666666666669,126.42928783220435,-14.674962435409327,267.53353809981803,sarima
1,2016-05-14 17:00:00,24,241.66666666666663,183.31215366574867,42.2079026076747,324.41640472382267,sarima
2,2016-05-14 18:00:00,1,166.66666666666666,194.9113172188495,74.84970722990103,314.97292720779797,sarima
2,2016-05-14 19:00:00,2,90.0,144.05033646234472,16.28220596431356,271.8184669603759,sarima
2,2016-05-14 20:00:00,3,86.66666666666667,121.24757009669645,-13.760392047125777,256.2555322405187,sarima
2,2016-05-14 21:00:00,4,75.0,81.89651595499026,-55.9651526844568,219.75818459443732,sarima
2,2016-05-14 22:00:00,5,61.666666666666664,67.596988991965,-71.70343302947008,206.89741101340007,sarima
2,2016-05-14 23:00:00,6,48.333333333333336,60.06745021626536,-80.20644854325103,200.34134897578173,sarima
2,2016-05-15 00:00:00,7,53.333333333333336,56.37623786840994,-84.34867359299258,197.10114932981244,sarima
2,2016-05-15 01:00:00,8,55.0,55.937031677585004,-84.99296375708244,196.86702711225243,sarima
2,2016-05-15 02:00:00,9,51.666666666666664,54.57877048310952,-86.44558192557066,195.60312289178972,sarima
2,2016-05-15 03:00:00,10,40.0,53.227783344628186,-87.83978478623143,194.29535147548782,sarima
2,2016-05-15 04:00:00,11,51.666666666666664,53.09008001990331,-87.99733585566254,194.17749589546918,sarima
2,2016-05-15 05:00:00,12,56.666666666666664,61.722085101532976,-79.37443623148931,202.81860643455525,sarima
2,2016-05-15 06:00:00,13,51.666666666666664,71.58864835169615,-69.51205298022523,212.68934968361754,sarima
2,2016-05-15 07:00:00,14,93.33333333333331,101.32401067109714,-39.77860904108448,242.42663038327876,sarima
2,2016-05-15 08:00:00,15,118.33333333333331,117.6215402373456,-23.481960037657487,258.7250405123487,sarima
2,2016-05-15 09:00:00,16,101.66666666666669,106.48079170983083,-34.6231127295181,247.58469614917976,sarima
2,2016-05-15 10:00:00,17,108.33333333333331,115.06515976433421,-26.038930186816586,256.169249715485,sarima
2,2016-05-15 11:00:00,18,105.0,116.9137109331106,-24.190464166800183,258.01788603302134,sarima
2,2016-05-15 12:00:00,19,96.66666666666669,111.78967066467624,-29.314543518316782,252.89388484766926,sarima
2,2016-05-15 13:00:00,20,136.66666666666666,105.27028859710569,-35.83394352486579,246.37452071907717,sarima
2,2016-05-15 14:00:00,21,88.33333333333333,102.22235716251826,-38.88188319337111,243.32659751840765,sarima
2,2016-05-15 15:00:00,22,93.33333333333331,97.6119129489299,-43.492331186200374,238.71615708406017,sarima
2,2016-05-15 16:00:00,23,143.33333333333334,125.73149318753894,-15.372752682160012,266.8357390572379,sarima
2,2016-05-15 17:00:00,24,236.66666666666663,186.04318194333416,44.93893528264687,327.14742860402146,sarima
3,2016-05-15 18:00:00,1,98.33333333333331,199.21229693938955,79.15069069213232,319.27390318664675,sarima
3,2016-05-15 19:00:00,2,96.66666666666669,142.93285691936933,15.164730402858481,270.7009834358802,sarima
3,2016-05-15 20:00:00,3,246.66666666666663,120.24872990024588,-14.759228036514429,255.25668783700618,sarima
3,2016-05-15 21:00:00,4,203.33333333333337,83.10304273617334,-54.758621607709614,220.9647070800563,sarima
3,2016-05-15 22:00:00,5,86.66666666666667,68.20305241461061,-71.09736526668111,207.50347009590234,sarima
3,2016-05-15 23:00:00,6,83.33333333333333,60.098799975567104,-80.17509441385907,200.37269436499327,sarima
3,2016-05-16 00:00:00,7,61.666666666666664,56.63328409185027,-84.09162328846529,197.35819147216583,sarima
3,2016-05-16 01:00:00,8,53.333333333333336,56.16195386549314,-84.76803751931823,197.0919452503045,sarima
3,2016-05-16 02:00:00,9,56.666666666666664,54.62505943975249,-86.3992889524094,195.6494078319144,sarima
3,2016-05-16 03:00:00,10,53.333333333333336,52.73142947581739,-88.33613464915719,193.79899360079196,sarima
3,2016-05-16 04:00:00,11,55.0,53.10718652794362,-87.98022534762143,194.19459840350865,sarima
3,2016-05-16 05:00:00,12,51.666666666666664,61.5419076385553,-79.5546096969399,202.6384249740505,sarima
3,2016-05-16 06:00:00,13,53.333333333333336,70.69339201427556,-70.40730532130561,211.79408934985673,sarima
3,2016-05-16 07:00:00,14,61.666666666666664,100.97555371122981,-40.12706200514502,242.07816942760462,sarima
3,2016-05-16 08:00:00,15,88.33333333333333,117.67255573541152,-23.43094054403221,258.7760520148553,sarima
3,2016-05-16 09:00:00,16,70.0,106.26711945959356,-34.836780984309016,247.37101990349612,sarima
3,2016-05-16 10:00:00,17,148.33333333333334,114.7577496742262,-26.346336281530313,255.86183562998272,sarima
3,2016-05-16 11:00:00,18,103.33333333333331,116.36081817141954,-24.743352933120974,257.4649892759601,sarima
3,2016-05-16 12:00:00,19,206.66666666666663,111.08459132025601,-30.019618867378398,252.18880150789042,sarima
3,2016-05-16 13:00:00,20,266.6666666666667,106.74432245051085,-34.359905676107445,247.84855057712915,sarima
3,2016-05-16 14:00:00,21,88.33333333333333,101.57310093244845,-39.53113542809197,242.67733729298888,sarima
3,2016-05-16 15:00:00,22,111.66666666666669,97.41253718446488,-43.6917029553275,238.51677732425725,sarima
3,2016-05-16 16:00:00,23,88.33333333333333,126.55725583246408,-14.546986041910344,267.66149770683853,sarima
3,2016-05-16 17:00:00,24,243.33333333333337,188.41638035287104,47.31213768702861,329.5206230187135,sarima
4,2016-05-16 18:00:00,1,155.0,186.73699213626765,66.6753892881829,306.7985949843524,sarima
4,2016-05-16 19:00:00,2,115.0,137.01949921072946,9.251376311265957,264.78762211019296,sarima
4,2016-05-16 20:00:00,3,96.66666666666669,122.35684794547447,-12.651106169343251,257.36480206029216,sarima
4,2016-05-16 21:00:00,4,68.33333333333333,84.79248753764004,-53.06917290389974,222.6541479791798,sarima
4,2016-05-16 22:00:00,5,46.666666666666664,66.88258056148004,-72.41783317697005,206.18299429993013,sarima
4,2016-05-16 23:00:00,6,60.0,59.7366041173836,-80.53728630199544,200.01049453676262,sarima
4,2016-05-17 00:00:00,7,50.0,55.876192639992766,-84.84871103282289,196.6010963128084,sarima
4,2016-05-17 01:00:00,8,55.0,55.359887945605486,-85.57009976007791,196.2898756512889,sarima
4,2016-05-17 02:00:00,9,51.666666666666664,54.266092081738336,-86.75825266158158,195.29043682505824,sarima
4,2016-05-17 03:00:00,10,53.333333333333336,52.45197173497147,-88.61558875082099,193.51953222076392,sarima
4,2016-05-17 04:00:00,11,53.333333333333336,52.9873390820704,-88.10006915965806,194.07474732379887,sarima
4,2016-05-17 05:00:00,12,58.333333333333336,60.93780666949884,-80.15870703440707,202.03432037340474,sarima
4,2016-05-17 06:00:00,13,56.666666666666664,69.78403047976452,-71.31666322530556,210.88472418483462,sarima
4,2016-05-17 07:00:00,14,65.0,99.06834890677919,-42.034263179569194,240.17096099312758,sarima
4,2016-05-17 08:00:00,15,56.666666666666664,116.2535283622647,-24.849964287377375,257.3570210119068,sarima
4,2016-05-17 09:00:00,16,51.666666666666664,104.5375581949937,-36.566338619209915,245.6414550091973,sarima
4,2016-05-17 10:00:00,17,53.333333333333336,116.31123457084021,-24.792847755264603,257.415316896945,sarima
4,2016-05-17 11:00:00,18,51.666666666666664,115.73657374484873,-25.367593730061856,256.8407412197593,sarima
4,2016-05-17 12:00:00,19,53.333333333333336,115.55515849990843,-25.549048058106678,256.65936505792354,sarima
4,2016-05-17 13:00:00,20,41.666666666666664,114.23342933027973,-26.870795166724236,255.3376538272837,sarima
4,2016-05-17 14:00:00,21,53.333333333333336,100.94832000733979,-40.15591272359018,242.05255273826975,sarima
4,2016-05-17 15:00:00,22,51.666666666666664,98.0777338207788,-43.02650268941312,239.18197033097073,sarima
4,2016-05-17 16:00:00,23,66.66666666666667,124.76379442582183,-16.340443818964275,265.86803267060793,sarima
4,2016-05-17 17:00:00,24,153.33333333333334,190.9889540597066,49.88471502301675,332.0931930963965,sarima
5,2016-05-17 18:00:00,1,100.0,143.44519765303264,23.383597892956587,263.5067974131087,sarima
5,2016-05-17 19:00:00,2,123.33333333333331,101.67473018851874,-26.093389425005725,229.4428498020432,sarima
5,2016-05-17 20:00:00,3,118.33333333333331,99.2173141876407,-35.79063645509903,234.2252648303804,sarima
5,2016-05-17 21:00:00,4,65.0,68.81660979252416,-69.04504710389699,206.6782666889453,sarima
5,2016-05-17 22:00:00,5,46.666666666666664,53.9798119008935,-85.32059825564684,193.28022205743386,sarima
5,2016-05-17 23:00:00,6,55.0,51.5990074611969,-88.67487935155725,191.87289427395103,sarima
5,2016-05-18 00:00:00,7,51.666666666666664,50.09592045135916,-90.6289798533448,190.82082075606314,sarima
5,2016-05-18 01:00:00,8,53.333333333333336,51.607996106491385,-89.32198825685504,192.5379804698378,sarima
5,2016-05-18 02:00:00,9,55.0,51.61563499415536,-89.40870643434107,192.63997642265178,sarima
5,2016-05-18 03:00:00,10,51.666666666666664,50.77954915015751,-90.28800802958703,191.84710632990203,sarima
5,2016-05-18 04:00:00,11,51.666666666666664,51.842715161161415,-89.24468977937539,192.9301201016982,sarima
5,2016-05-18 05:00:00,12,65.0,60.029210630994925,-81.06729977376088,201.12572103575073,sarima
5,2016-05-18 06:00:00,13,70.0,68.6363904286832,-72.46429997821625,209.73708083558265,sarima
5,2016-05-18 07:00:00,14,53.333333333333336,97.11060012032283,-43.99200866829514,238.2132089089408,sarima
5,2016-05-18 08:00:00,15,61.666666666666664,113.21618669020035,-27.887302661915584,254.31967604231627,sarima
5,2016-05-18 09:00:00,16,65.0,101.89386289618629,-39.21003062058445,242.99775641295702,sarima
5,2016-05-18 10:00:00,17,58.333333333333336,113.24727537065915,-27.85680365805571,254.35135439937403,sarima
5,2016-05-18 11:00:00,18,70.0,112.65763812455627,-28.44652605298417,253.76180230209673,sarima
5,2016-05-18 12:00:00,19,56.666666666666664,112.58736874571889,-28.516834514935738,253.69157200637352,sarima
5,2016-05-18 13:00:00,20,86.66666666666667,110.79740252799095,-30.306818671657027,251.90162372763893,sarima
5,2016-05-18 14:00:00,21,81.66666666666667,98.6930116479025,-42.41121778567498,239.79724108147997,sarima
5,2016-05-18 15:00:00,22,83.33333333333333,95.88647926592725,-45.21775394692128,236.99071247877578,sarima
5,2016-05-18 16:00:00,23,105.0,122.02999575587813,-19.0742391915756,263.13423070333187,sarima
5,2016-05-18 17:00:00,24,118.33333333333331,189.21672544653046,48.1124897067771,330.32096118628385,sarima
6,2016-05-18 18:00:00,1,178.33333333333334,138.51925644347023,18.457659488723607,258.58085339821685,sarima
6,2016-05-18 19:00:00,2,143.33333333333334,94.28634698749212,-33.4817696408913,222.05446361587553,sarima
6,2016-05-18 20:00:00,3,223.33333333333337,95.63278904644478,-39.37515844205434,230.64073653494393,sarima
6,2016-05-18 21:00:00,4,81.66666666666667,65.5902745529959,-72.2713791228302,203.451928228822,sarima
6,2016-05-18 22:00:00,5,51.666666666666664,50.19097568419704,-89.109431218325,189.49138258671908,sarima
6,2016-05-18 23:00:00,6,56.666666666666664,49.382364547795724,-90.89151898848743,189.6562480840789,sarima
6,2016-05-19 00:00:00,7,51.666666666666664,48.57347962961125,-92.15141761530089,189.2983768745234,sarima
6,2016-05-19 01:00:00,8,51.666666666666664,50.60300690255907,-90.32697442441078,191.53298822952894,sarima
6,2016-05-19 02:00:00,9,50.0,51.04009934309079,-89.984239074024,192.06443776020558,sarima
6,2016-05-19 03:00:00,10,51.666666666666664,50.32324404540166,-90.74431013093346,191.39079822173676,sarima
6,2016-05-19 04:00:00,11,56.666666666666664,51.49731627387795,-89.59008566766113,192.584718215417,sarima
6,2016-05-19 05:00:00,12,55.0,60.03371564522199,-81.06279176239075,201.1302230528347,sarima
6,2016-05-19 06:00:00,13,58.333333333333336,68.54553254220025,-72.55515486844598,209.64621995284648,sarima
6,2016-05-19 07:00:00,14,50.0,94.95395320879572,-46.14865258396901,236.05655900156046,sarima
6,2016-05-19 08:00:00,15,53.333333333333336,110.72908415253187,-30.374402203916304,251.83257050898004,sarima
6,2016-05-19 09:00:00,16,36.666666666666664,100.11656322272378,-40.987327298463924,241.2204537439115,sarima
6,2016-05-19 10:00:00,17,55.0,110.64091936922178,-30.463156663949107,251.74499540239265,sarima
6,2016-05-19 11:00:00,18,51.666666666666664,110.63623599705997,-30.467925184954453,251.7403971790744,sarima
6,2016-05-19 12:00:00,19,55.0,109.95146789298599,-31.15273237215135,251.05566815812332,sarima
6,2016-05-19 13:00:00,20,50.0,109.65628492282978,-31.447933281305026,250.76050312696458,sarima
6,2016-05-19 14:00:00,21,63.333333333333336,97.88813823681713,-43.216088201250386,238.99236467488464,sarima
6,2016-05-19 15:00:00,22,81.66666666666667,95.29347468350518,-45.81075553384163,236.39770490085198,sarima
6,2016-05-19 16:00:00,23,90.0,121.22866776824989,-19.875564183712157,262.3328997202119,sarima
6,2016-05-19 17:00:00,24,208.33333333333337,185.89237235103815,44.78813960641685,326.99660509565945,sarima
7,2016-05-19 18:00:00,1,120.0,169.24197009359025,49.180375687370784,289.30356449980974,sarima
7,2016-05-19 19:00:00,2,98.33333333333331,127.43316979040587,-0.33494412609887547,255.2012837069106,sarima
7,2016-05-19 20:00:00,3,118.33333333333331,121.45409505347311,-13.553849569527273,256.4620396764735,sarima
7,2016-05-19 21:00:00,4,66.66666666666667,80.40243838280323,-57.459212367243865,218.2640891328503,sarima
7,2016-05-19 22:00:00,5,50.0,62.142542773925086,-77.15786117245425,201.4429467203044,sarima
7,2016-05-19 23:00:00,6,56.666666666666664,57.841418352730116,-82.43246220701305,198.1152989124733,sarima
7,2016-05-20 00:00:00,7,51.666666666666664,54.19578226949173,-86.52911219572442,194.92067673470788,sarima
7,2016-05-20 01:00:00,8,51.666666666666664,54.371102502509316,-86.55887606603635,195.30108107105497,sarima
7,2016-05-20 02:00:00,9,36.666666666666664,53.50798721738913,-87.51634846400826,194.5323228987865,sarima
7,2016-05-20 03:00:00,10,58.333333333333336,52.09202228190098,-88.9755291659592,193.15957372976118,sarima
7,2016-05-20 04:00:00,11,51.666666666666664,52.89500552685806,-88.19239369021392,193.98240474393003,sarima
7,2016-05-20 05:00:00,12,61.666666666666664,60.580661785004864,-80.51584289982567,201.6771664698354,sarima
7,2016-05-20 06:00:00,13,66.66666666666667,68.59725927979022,-72.50342540888218,209.69794396846262,sarima
7,2016-05-20 07:00:00,14,80.0,93.20634343813575,-47.896259633018445,234.30894650928994,sarima
7,2016-05-20 08:00:00,15,126.66666666666669,108.28245531038073,-32.82102832462547,249.38593894538693,sarima
7,2016-05-20 09:00:00,16,73.33333333333333,97.30767535315454,-43.79621244666819,238.41156315297727,sarima
7,2016-05-20 10:00:00,17,81.66666666666667,108.1448375905427,-32.95923572129858,249.248910902384,sarima
7,2016-05-20 11:00:00,18,73.33333333333333,107.94810880306844,-33.15604965763279,249.05226726376966,sarima
7,2016-05-20 12:00:00,19,71.66666666666667,107.42724978831389,-33.67694775551821,248.531447332146,sarima
7,2016-05-20 13:00:00,20,61.666666666666664,106.89501766767964,-34.20919781515363,247.9992331505129,sarima
7,2016-05-20 14:00:00,21,60.0,96.29213924924451,-44.81208446752433,237.39636296601336,sarima
7,2016-05-20 15:00:00,22,46.666666666666664,94.67075216746795,-46.43347532858772,235.77497966352362,sarima
7,2016-05-20 16:00:00,23,48.333333333333336,119.77582506167795,-21.328404169002056,260.88005429235795,sarima
7,2016-05-20 17:00:00,24,75.0,186.9514718406161,45.84724181695012,328.0557018642821,sarima
8,2016-05-20 18:00:00,1,78.33333333333333,108.14759751574456,-11.913994575241958,228.2091896067311,sarima
8,2016-05-20 19:00:00,2,65.0,73.19295621808791,-54.5751552347857,200.96106767096154,sarima
8,2016-05-20 20:00:00,3,70.0,85.83876435287348,-49.1691776669382,220.84670637268516,sarima
8,2016-05-20 21:00:00,4,65.0,54.04051543552273,-83.82113265657347,191.90216352761894,sarima
8,2016-05-20 22:00:00,5,53.333333333333336,41.42162290452371,-97.8787783563206,180.722024165368,sarima
8,2016-05-20 23:00:00,6,45.0,44.063472761559666,-96.21040509411833,184.33735061723766,sarima
8,2016-05-21 00:00:00,7,48.333333333333336,44.80332468639258,-95.92156725358302,185.5282166263682,sarima
8,2016-05-21 01:00:00,8,51.666666666666664,47.95363749176257,-92.976338570867,188.88361355439216,sarima
8,2016-05-21 02:00:00,9,56.666666666666664,48.4592919941777,-92.56504120193185,189.48362519028726,sarima
8,2016-05-21 03:00:00,10,48.333333333333336,49.49801084675089,-91.56953812240089,190.56555981590265,sarima
8,2016-05-21 04:00:00,11,56.666666666666664,50.88210820008067,-90.20528854192384,191.96950494208517,sarima
8,2016-05-21 05:00:00,12,51.666666666666664,59.306748775603225,-81.78975343569051,200.40325098689698,sarima
8,2016-05-21 06:00:00,13,60.0,67.60925434194675,-73.49142787392324,208.70993655781675,sarima
8,2016-05-21 07:00:00,14,56.666666666666664,91.97930544241261,-49.12329515626921,233.08190604109444,sarima
8,2016-05-21 08:00:00,15,208.33333333333337,108.73213659133765,-32.37134457134931,249.8356177540246,sarima
8,2016-05-21 09:00:00,16,310.0,95.90492663836775,-45.198958689205654,237.00881196594116,sarima
8,2016-05-21 10:00:00,17,383.3333333333333,106.71475070170327,-34.38932013792093,247.81882154132745,sarima
8,2016-05-21 11:00:00,18,431.6666666666667,106.19765263934963,-34.90650334914932,247.30180862784857,sarima
8,2016-05-21 12:00:00,19,228.33333333333337,105.66440662670523,-35.439788444931835,246.7686016983423,sarima
8,2016-05-21 13:00:00,20,343.3333333333333,104.71642358270616,-36.38778942793549,245.82063659334779,sarima
8,2016-05-21 14:00:00,21,303.3333333333333,94.55133731897931,-46.552883925600526,235.65555856355914,sarima
8,2016-05-21 15:00:00,22,361.6666666666667,92.39387445918905,-48.71035056468443,233.49809948306253,sarima
8,2016-05-21 16:00:00,23,100.0,116.40912433184904,-24.695102426657044,257.5133510903551,sarima
8,2016-05-21 17:00:00,24,95.0,181.69206555676223,40.58783800497338,322.7962931085511,sarima
9,2016-05-21 18:00:00,1,125.0,130.09191410922455,10.030324121532914,250.15350409691618,sarima
9,2016-05-21 19:00:00,2,108.33333333333331,85.86802577442933,-41.900083440335706,213.63613498919437,sarima
9,2016-05-21 20:00:00,3,95.0,97.718315843805,-37.2896238111157,232.72625549872572,sarima
9,2016-05-21 21:00:00,4,135.0,59.44295311105017,-78.41869256640587,197.3045987885062,sarima
9,2016-05-21 22:00:00,5,73.33333333333333,43.400206946131824,-95.90019187501323,182.70060576727687,sarima
9,2016-05-21 23:00:00,6,148.33333333333334,45.060038983373765,-95.21383641577108,185.33391438251863,sarima
9,2016-05-22 00:00:00,7,60.0,45.617369287337,-95.10752035856024,186.34225893323423,sarima
9,2016-05-22 01:00:00,8,56.666666666666664,48.56603325178867,-92.36394053431809,189.49600703789542,sarima
9,2016-05-22 02:00:00,9,51.666666666666664,49.14130141640436,-91.8830295219222,190.16563235473092,sarima
9,2016-05-22 03:00:00,10,53.333333333333336,49.644755232986924,-91.42279148435902,190.71230195033286,sarima
9,2016-05-22 04:00:00,11,55.0,51.28966126956368,-89.79773322394266,192.37705576307002,sarima
9,2016-05-22 05:00:00,12,50.0,59.04109201084043,-82.05540795334565,200.1375919750265,sarima
9,2016-05-22 06:00:00,13,58.333333333333336,67.31523935526853,-73.78544061416098,208.41591932469805,sarima
9,2016-05-22 07:00:00,14,63.333333333333336,90.36667324292256,-50.73592510961868,231.4692715954638,sarima
9,2016-05-22 08:00:00,15,190.0,113.42905250158556,-27.674426415099887,254.532531418271,sarima
9,2016-05-22 09:00:00,16,113.33333333333331,105.95874646995242,-35.145136611683,247.06262955158783,sarima
9,2016-05-22 10:00:00,17,201.66666666666663,119.69268315662589,-21.411385437089564,260.79675175034134,sarima
9,2016-05-22 11:00:00,18,343.3333333333333,121.46088425596793,-19.643269486635774,262.5650379985716,sarima
9,2016-05-22 12:00:00,19,126.66666666666669,111.41978910647995,-29.68440371926843,252.52398193222834,sarima
9,2016-05-22 13:00:00,20,103.33333333333331,115.90417880495437,-25.200031959801663,257.0083895697104,sarima
9,2016-05-22 14:00:00,21,106.66666666666669,104.33944730597287,-36.76477169272374,245.44366630466948,sarima
9,2016-05-22 15:00:00,22,96.66666666666669,105.01621013677851,-36.088012641217944,246.12043291477497,sarima
9,2016-05-22 16:00:00,23,88.33333333333333,115.64132651572125,-25.462897996915316,256.7455510283578,sarima
9,2016-05-22 17:00:00,24,265.0,177.62978963448754,36.52556432829857,318.7340149406765,sarima
10,2016-05-22 18:00:00,1,120.0,183.07037390708766,63.008785830153926,303.13196198402136,sarima
10,2016-05-22 19:00:00,2,96.66666666666669,145.39026167131357,17.622154489779206,273.15836885284796,sarima
10,2016-05-22 20:00:00,3,116.66666666666669,131.8078612592106,-3.2000762473028033,266.815798765724,sarima
10,2016-05-22 21:00:00,4,88.33333333333333,91.45125170937894,-46.410391774474675,229.31289519323255,sarima
10,2016-05-22 22:00:00,5,78.33333333333333,70.04567694371009,-69.25471966106734,209.34607354848754,sarima
10,2016-05-22 23:00:00,6,60.0,67.12224767473737,-73.15162549274703,207.39612084222176,sarima
10,2016-05-23 00:00:00,7,58.333333333333336,57.919369013977246,-82.80551854784292,198.6442565757974,sarima
10,2016-05-23 01:00:00,8,51.666666666666664,56.836713445573764,-84.09325827240443,197.76668516355195,sarima
10,2016-05-23 02:00:00,9,58.333333333333336,54.6014008165902,-86.42292807063217,195.62572970381257,sarima
10,2016-05-23 03:00:00,10,51.666666666666664,53.43807087822553,-87.62947379344625,194.5056155498973,sarima
10,2016-05-23 04:00:00,11,50.0,53.91590141121352,-87.17149103962348,195.00329386205053,sarima
10,2016-05-23 05:00:00,12,66.66666666666667,60.27895135970334,-80.81754656307666,201.37544928248334,sarima
10,2016-05-23 06:00:00,13,60.0,68.01994153921098,-73.08073638941855,209.1206194678405,sarima
10,2016-05-23 07:00:00,14,56.666666666666664,89.86230995439139,-51.24028635762225,230.96490626640502,sarima
10,2016-05-23 08:00:00,15,51.666666666666664,117.5345129023952,-23.568963973889012,258.6379897786794,sarima
10,2016-05-23 09:00:00,16,55.0,106.65443599871719,-34.44944504257475,247.75831704000913,sarima
10,2016-05-23 10:00:00,17,51.666666666666664,123.77184842815038,-17.33221812524812,264.8759149815489,sarima
10,2016-05-23 11:00:00,18,56.666666666666664,132.02041291296575,-9.083738789333268,273.1245646152648,sarima
10,2016-05-23 12:00:00,19,61.666666666666664,112.24324390790593,-28.86094687754371,253.34743469335558,sarima
10,2016-05-23 13:00:00,20,56.666666666666664,115.38874890711237,-25.715459817347707,256.49295763157244,sarima
10,2016-05-23 14:00:00,21,58.333333333333336,104.49848481444324,-36.60573214395963,245.6027017728461,sarima
10,2016-05-23 15:00:00,22,73.33333333333333,104.6587287698707,-36.44549196783761,245.76294950757904,sarima
10,2016-05-23 16:00:00,23,156.66666666666666,114.38437181242071,-26.719850659934565,255.48859428477598,sarima
10,2016-05-23 17:00:00,24,380.0,181.74024807000603,40.63602480385342,322.8444713361587,sarima
11,2016-05-23 18:00:00,1,123.33333333333331,240.20387186660082,120.14228552551309,360.26545820768854,sarima
11,2016-05-23 19:00:00,2,120.0,193.3600942383492,65.59198890392241,321.128199572776,sarima
11,2016-05-23 20:00:00,3,105.0,164.78795863994353,29.780023085170967,299.7958941947161,sarima
11,2016-05-23 21:00:00,4,68.33333333333333,117.26701904578113,-20.59462244527367,255.12866053683592,sarima
11,2016-05-23 22:00:00,5,63.333333333333336,90.42780909811495,-48.8725854931825,229.7282036894124,sarima
11,2016-05-23 23:00:00,6,58.333333333333336,80.37797056719376,-59.89590057291764,220.65184170730515,sarima
11,2016-05-24 00:00:00,7,50.0,67.13103292933276,-73.59385273918791,207.85591859785342,sarima
11,2016-05-24 01:00:00,8,56.666666666666664,62.82691199402852,-78.10305784513868,203.75688183319573,sarima
11,2016-05-24 02:00:00,9,55.0,58.99719825165696,-82.02712877222038,200.0215252755343,sarima
11,2016-05-24 03:00:00,10,53.333333333333336,56.21519732277117,-84.85234549048857,197.2827401360309,sarima
11,2016-05-24 04:00:00,11,53.333333333333336,55.66992493803082,-85.41746565712396,196.7573155331856,sarima
11,2016-05-24 05:00:00,12,106.66666666666669,61.89107332289593,-79.20542274534947,202.9875693911413,sarima
11,2016-05-24 06:00:00,13,71.66666666666667,68.5334102322629,-72.56726584238254,209.63408630690833,sarima
11,2016-05-24 07:00:00,14,161.66666666666666,88.90901297039446,-52.19358148788257,230.01160742867148,sarima
11,2016-05-24 08:00:00,15,56.666666666666664,114.85559147165678,-26.247883551005643,255.9590664943192,sarima
11,2016-05-24 09:00:00,16,38.333333333333336,104.51002661064805,-36.5938525770745,245.6139057983706,sarima
11,2016-05-24 10:00:00,17,66.66666666666667,120.57974812554835,-20.52431657430492,261.6838128254016,sarima
11,2016-05-24 11:00:00,18,101.66666666666669,128.61562948827915,-12.48852036048578,269.7197793370441,sarima
11,2016-05-24 12:00:00,19,128.33333333333334,109.95879225992338,-31.145396671997574,251.06298119184436,sarima
11,2016-05-24 13:00:00,20,118.33333333333331,112.69479284722945,-28.4094140237045,253.7989997181634,sarima
11,2016-05-24 14:00:00,21,150.0,102.37426345071951,-38.729951654159194,243.4784785555982,sarima
11,2016-05-24 15:00:00,22,141.66666666666666,103.2172951418182,-37.88692374237104,244.32151402600743,sarima
11,2016-05-24 16:00:00,23,141.66666666666666,116.38420211162767,-24.720018507214746,257.4884227304701,sarima
11,2016-05-24 17:00:00,24,203.33333333333337,191.04467904505012,49.940457632187844,332.1489004579124,sarima
12,2016-05-24 18:00:00,1,136.66666666666666,167.91633054841532,47.85474578427329,287.97791531255734,sarima
12,2016-05-24 19:00:00,2,123.33333333333331,124.9913940912284,-2.7767095651760485,252.75949774763285,sarima
12,2016-05-24 20:00:00,3,96.66666666666669,120.56084458577362,-14.447089195921507,255.56877836746875,sarima
12,2016-05-24 21:00:00,4,76.66666666666667,83.68969764361458,-54.1719420370633,221.55133732429246,sarima
12,2016-05-24 22:00:00,5,61.666666666666664,63.24573104231982,-76.05466171981266,202.5461238044523,sarima
12,2016-05-24 23:00:00,6,58.333333333333336,61.67626225897522,-78.59760703935004,201.95013155730047,sarima
12,2016-05-25 00:00:00,7,53.333333333333336,54.39531397124124,-86.3295699772935,195.120197919776,sarima
12,2016-05-25 01:00:00,8,53.333333333333336,54.44138316335815,-86.4885849689854,195.37135129570171,sarima
12,2016-05-25 02:00:00,9,56.666666666666664,53.328435293006244,-87.69589003809764,194.35276062411012,sarima
12,2016-05-25 03:00:00,10,48.333333333333336,52.3651440127484,-88.70239711221922,193.43268513771602,sarima
12,2016-05-25 04:00:00,11,55.0,53.04398704749215,-88.04340186185038,194.1313759568347,sarima
12,2016-05-25 05:00:00,12,55.0,62.2846316773268,-78.81186270614891,203.3811260608025,sarima
12,2016-05-25 06:00:00,13,55.0,67.52517886800938,-73.57549552236661,208.62585325838535,sarima
12,2016-05-25 07:00:00,14,65.0,91.53648334462407,-49.56610942960832,232.63907611885645,sarima
12,2016-05-25 08:00:00,15,83.33333333333333,111.59817505261586,-29.50529828610621,252.70164839133793,sarima
12,2016-05-25 09:00:00,16,90.0,101.04922144795593,-40.054656055873906,242.15309895178575,sarima
12,2016-05-25 10:00:00,17,78.33333333333333,117.809565457227,-23.294497558755495,258.9136284732095,sarima
12,2016-05-25 11:00:00,18,50.0,127.18769955041212,-13.916448614492126,268.29184771531635,sarima
12,2016-05-25 12:00:00,19,60.0,110.7082820758996,-30.395905172165612,251.81246932396482,sarima
12,2016-05-25 13:00:00,20,71.66666666666667,112.8833881149422,-28.220817072138274,253.98759330202267,sarima
12,2016-05-25 14:00:00,21,80.0,104.55514424340791,-36.54906917761909,245.6593576644349,sarima
12,2016-05-25 15:00:00,22,80.0,104.98462755099573,-36.11958964934652,246.08884475133797,sarima
12,2016-05-25 16:00:00,23,231.66666666666663,117.54562259174006,-23.558596343260945,258.64984152674106,sarima
12,2016-05-25 17:00:00,24,118.33333333333331,191.6046876148006,50.500467885577535,332.7089073440237,sarima
13,2016-05-25 18:00:00,1,156.66666666666666,155.55713058117922,35.495547249628544,275.6187139127299,sarima
13,2016-05-25 19:00:00,2,118.33333333333331,102.76009618477994,-25.00800594720917,230.52819831676905,sarima
13,2016-05-25 20:00:00,3,190.0,106.33669279104987,-28.671239379876226,241.34462496197597,sarima
13,2016-05-25 21:00:00,4,56.666666666666664,76.80282138371473,-61.05881665230902,214.66445941973848,sarima
13,2016-05-25 22:00:00,5,53.333333333333336,56.31543601801664,-82.98495508239353,195.6158271184268,sarima
13,2016-05-25 23:00:00,6,53.333333333333336,56.77623659794871,-83.4976310271884,197.05010422308584,sarima
13,2016-05-26 00:00:00,7,53.333333333333336,51.164495087253705,-89.56038729874345,191.88937747325085,sarima
13,2016-05-26 01:00:00,8,55.0,52.22353928931325,-88.70642729245004,193.15350587107656,sarima
13,2016-05-26 02:00:00,9,50.0,52.02107196161157,-89.00325183167607,193.0453957548992,sarima
13,2016-05-26 03:00:00,10,56.666666666666664,51.1832686003442,-89.88427099087832,192.25080819156673,sarima
13,2016-05-26 04:00:00,11,50.0,52.46336406544791,-88.62402331240241,193.55075144329822,sarima
13,2016-05-26 05:00:00,12,56.666666666666664,61.48760452454114,-79.60888832838945,202.58409737747172,sarima
13,2016-05-26 06:00:00,13,61.666666666666664,66.62951427669849,-74.47115858358681,207.73018713698377,sarima
13,2016-05-26 07:00:00,14,100.0,90.08364967086811,-51.01894157347783,231.18624091521406,sarima
13,2016-05-26 08:00:00,15,156.66666666666666,110.1317790105735,-30.971692798356884,251.23525081950388,sarima
13,2016-05-26 09:00:00,16,276.6666666666667,100.43538257655939,-40.66849339752201,241.5392585506408,sarima
13,2016-05-26 10:00:00,17,265.0,115.89434800444062,-25.209713481813367,256.9984094906946,sarima
13,2016-05-26 11:00:00,18,243.33333333333337,123.52597093568949,-17.578175699495432,264.6301175708744,sarima
13,2016-05-26 12:00:00,19,221.66666666666663,108.30181283507588,-32.8023728832745,249.40599855342626,sarima
13,2016-05-26 13:00:00,20,75.0,110.93139997927177,-30.172803678095946,252.0356036366395,sarima
13,2016-05-26 14:00:00,21,68.33333333333333,103.39058121001003,-37.71363068130583,244.49479310132588,sarima
13,2016-05-26 15:00:00,22,61.666666666666664,103.80435332306064,-37.299862347574674,244.90856899369595,sarima
13,2016-05-26 16:00:00,23,495.0,122.88802212944196,-18.216195275857274,263.9922395347412,sarima
13,2016-05-26 17:00:00,24,440.0,188.16630580837807,47.06208760867315,329.270524008083,sarima
14,2016-05-26 18:00:00,1,215.0,330.5173680517031,210.45578602160373,450.5789500818025,sarima
14,2016-05-26 19:00:00,2,223.33333333333337,243.47514433878283,115.70704359166342,371.24324508590223,sarima
14,2016-05-26 20:00:00,3,91.66666666666669,203.89548878697823,68.8875580793707,338.90341949458576,sarima
14,2016-05-26 21:00:00,4,76.66666666666667,148.0645245576682,10.202888015746197,285.9261610995902,sarima
14,2016-05-26 22:00:00,5,70.0,110.96331465399064,-28.337074936812,250.26370424479327,sarima
14,2016-05-26 23:00:00,6,65.0,93.82626133606595,-46.44760476904739,234.1001274411793,sarima
14,2016-05-27 00:00:00,7,60.0,76.44575501715744,-64.27912594933744,217.17063598365232,sarima
14,2016-05-27 01:00:00,8,58.333333333333336,69.42289057181942,-71.50707460130435,210.3528557449432,sarima
14,2016-05-27 02:00:00,9,50.0,63.48724327929813,-77.53707911694556,204.51156567554182,sarima
14,2016-05-27 03:00:00,10,58.333333333333336,59.273813212687934,-81.79372498518913,200.341351410565,sarima
14,2016-05-27 04:00:00,11,58.333333333333336,57.65471114899085,-83.43267483756065,198.74209713554237,sarima
14,2016-05-27 05:00:00,12,58.333333333333336,64.857097696209,-76.23939376628326,205.95358915870125,sarima
14,2016-05-27 06:00:00,13,63.333333333333336,68.83275989622008,-72.26791157403964,209.9334313664798,sarima
14,2016-05-27 07:00:00,14,111.66666666666669,92.19869705245338,-48.903892802052525,233.3012869069593,sarima
14,2016-05-27 08:00:00,15,130.0,113.43085101083598,-27.672619408340424,254.53432143001237,sarima
14,2016-05-27 09:00:00,16,251.66666666666663,109.45255575386241,-31.651318830504323,250.55643033822915,sarima
14,2016-05-27 10:00:00,17,251.66666666666663,123.39589201865778,-17.708168077899643,264.4999521152152,sarima
14,2016-05-27 11:00:00,18,310.0,129.4888426823713,-11.615302563125397,270.592987927868,sarima
14,2016-05-27 12:00:00,19,185.0,113.85060525984039,-27.253579068825815,254.9547895885066,sarima
14,2016-05-27 13:00:00,20,265.0,109.40693100184572,-31.69727126583976,250.5111332695312,sarima
14,2016-05-27 14:00:00,21,101.66666666666669,101.85561588611759,-39.24859461551753,242.9598263877527,sarima
14,2016-05-27 15:00:00,22,76.66666666666667,101.9026700456954,-39.20154423526296,243.00688432665376,sarima
14,2016-05-27 16:00:00,23,135.0,140.3779867240866,-0.7262292915403066,281.48220273971356,sarima
14,2016-05-27 17:00:00,24,180.0,200.0030002204735,58.89878341027401,341.107217030673,sarima
1,2016-05-13 18:00:00,1,348.3333333333333,239.43119331033662,118.82778455972142,360.03460206095184,sarimax_calendar
1,2016-05-13 19:00:00,2,208.33333333333337,170.2275632002433,42.82381184348118,297.63131455700545,sarimax_calendar
1,2016-05-13 20:00:00,3,120.0,140.24436166956158,6.865967923032514,273.6227554160906,sarimax_calendar
1,2016-05-13 21:00:00,4,63.333333333333336,109.00453759625358,-26.705927779551928,244.7150029720591,sarimax_calendar
1,2016-05-13 22:00:00,5,55.0,79.72707891732502,-56.761099865922816,216.21525770057286,sarimax_calendar
1,2016-05-13 23:00:00,6,61.666666666666664,73.51169676161366,-64.13957677206854,211.16297029529585,sarimax_calendar
1,2016-05-14 00:00:00,7,58.333333333333336,62.53559662057817,-75.31803663246819,200.38922987362452,sarimax_calendar
1,2016-05-14 01:00:00,8,63.333333333333336,62.810281784364435,-75.0667029012701,200.68726646999897,sarimax_calendar
1,2016-05-14 02:00:00,9,60.0,62.21883334013745,-75.65828067404158,200.09594735431648,sarimax_calendar
1,2016-05-14 03:00:00,10,60.0,61.24231838645662,-76.6376806149789,199.12231738789214,sarimax_calendar
1,2016-05-14 04:00:00,11,60.0,61.390926282915885,-76.49626380323168,199.27811636906347,sarimax_calendar
1,2016-05-14 05:00:00,12,56.666666666666664,70.71962913981464,-67.17737602549072,208.61663430512,sarimax_calendar
1,2016-05-14 06:00:00,13,63.333333333333336,80.78610183940177,-57.12200623960257,218.6942099184061,sarimax_calendar
1,2016-05-14 07:00:00,14,113.33333333333331,109.43385204522728,-28.485895755704135,247.35359984615872,sarimax_calendar
1,2016-05-14 08:00:00,15,133.33333333333334,125.57838956455234,-12.353154775908536,263.5099339050132,sarimax_calendar
1,2016-05-14 09:00:00,16,118.33333333333331,114.95734907127226,-22.98596498035846,252.90066312290298,sarimax_calendar
1,2016-05-14 10:00:00,17,158.33333333333334,122.12784621769622,-15.82712443003193,260.0828168654244,sarimax_calendar
1,2016-05-14 11:00:00,18,96.66666666666669,126.94284310303743,-11.023631689580839,264.9093178956557,sarimax_calendar
1,2016-05-14 12:00:00,19,116.66666666666669,120.43169824158795,-17.546111254895692,258.4095077380716,sarimax_calendar
1,2016-05-14 13:00:00,20,113.33333333333331,113.84600624228999,-24.142962085917688,251.83497457049765,sarimax_calendar
1,2016-05-14 14:00:00,21,106.66666666666669,110.78646707948495,-27.21348274349471,248.78641690246462,sarimax_calendar
1,2016-05-14 15:00:00,22,130.0,104.86450265088807,-33.14625217795604,242.87525747973217,sarimax_calendar
1,2016-05-14 16:00:00,23,111.66666666666669,135.0466197488653,-2.9747655080711013,273.06800500580175,sarimax_calendar
1,2016-05-14 17:00:00,24,241.66666666666663,191.72562991515366,53.69378640533736,329.75747342496993,sarimax_calendar
2,2016-05-14 18:00:00,1,166.66666666666666,198.70690594402708,78.10362771655758,319.3101841714966,sarimax_calendar
2,2016-05-14 19:00:00,2,90.0,147.09246948817577,19.688936687539623,274.4960022888119,sarimax_calendar
2,2016-05-14 20:00:00,3,86.66666666666667,127.76807508519398,-5.609998130991713,261.1461483013797,sarimax_calendar
2,2016-05-14 21:00:00,4,75.0,85.35467328324194,-50.35539533851062,221.0647419049945,sarimax_calendar
2,2016-05-14 22:00:00,5,61.666666666666664,75.23007720627838,-61.257656168113826,211.71781058067057,sarimax_calendar
2,2016-05-14 23:00:00,6,48.333333333333336,65.92834203273664,-71.72242250757081,203.5791065730441,sarimax_calendar
2,2016-05-15 00:00:00,7,53.333333333333336,63.26326697592695,-74.58982899723325,201.11636294908715,sarimax_calendar
2,2016-05-15 01:00:00,8,55.0,62.93732808999787,-74.93911000659273,200.81376618658845,sarimax_calendar
2,2016-05-15 02:00:00,9,51.666666666666664,61.839326090792156,-76.03724149211894,199.71589367370325,sarimax_calendar
2,2016-05-15 03:00:00,10,40.0,60.735397925078765,-77.1440593288468,198.6148551790043,sarimax_calendar
2,2016-05-15 04:00:00,11,51.666666666666664,60.803546113723506,-77.0831089976617,198.69020122510872,sarimax_calendar
2,2016-05-15 05:00:00,12,56.666666666666664,69.5225912584725,-68.37388662191528,207.41906913886027,sarimax_calendar
2,2016-05-15 06:00:00,13,51.666666666666664,79.427986187626,-58.479602656543335,217.33557503179534,sarimax_calendar
2,2016-05-15 07:00:00,14,93.33333333333331,109.06459207776545,-28.854644636171358,246.98382879170225,sarimax_calendar
2,2016-05-15 08:00:00,15,118.33333333333331,125.39744063663998,-12.533600739668614,263.3284820129486,sarimax_calendar
2,2016-05-15 09:00:00,16,101.66666666666669,114.58791225071815,-23.35490687788561,252.5307313793219,sarimax_calendar
2,2016-05-15 10:00:00,17,108.33333333333331,123.28381518783546,-14.67066847069249,261.2382988463634,sarimax_calendar
2,2016-05-15 11:00:00,18,105.0,125.05287818049725,-12.913117438522974,263.01887379951745,sarimax_calendar
2,2016-05-15 12:00:00,19,96.66666666666669,119.77682848624238,-18.200509529982156,257.7541665024669,sarimax_calendar
2,2016-05-15 13:00:00,20,136.66666666666666,113.35552215060585,-24.632982267696747,251.34402656890845,sarimax_calendar
2,2016-05-15 14:00:00,21,88.33333333333333,110.14453256336094,-27.85496079763709,248.14402592435897,sarimax_calendar
2,2016-05-15 15:00:00,22,93.33333333333331,105.58383753225155,-32.42646816154851,243.5941432260516,sarimax_calendar
2,2016-05-15 16:00:00,23,143.33333333333334,133.54696785433572,-4.47397547551617,271.5679111841876,sarimax_calendar
2,2016-05-15 17:00:00,24,236.66666666666663,193.61558180003294,55.584173126877516,331.64699047318834,sarimax_calendar
3,2016-05-15 18:00:00,1,98.33333333333331,204.70344821308433,84.10029473196087,325.30660169420776,sarimax_calendar
3,2016-05-15 19:00:00,2,96.66666666666669,146.98571848575315,19.582394712364433,274.3890422591419,sarimax_calendar
3,2016-05-15 20:00:00,3,246.66666666666663,125.78930022467821,-7.588466333158408,259.16706678251484,sarimax_calendar
3,2016-05-15 21:00:00,4,203.33333333333337,90.06940739656311,-45.640281589217196,225.77909638234343,sarimax_calendar
3,2016-05-15 22:00:00,5,86.66666666666667,77.42935676697053,-59.05795038330143,213.9166639172425,sarimax_calendar
3,2016-05-15 23:00:00,6,83.33333333333333,67.62044871952898,-70.02982872937676,205.27072616843472,sarimax_calendar
3,2016-05-16 00:00:00,7,61.666666666666664,73.84202693720383,-64.01055487228734,211.694608746695,sarimax_calendar
3,2016-05-16 01:00:00,8,53.333333333333336,73.52976845813575,-64.34614656778575,211.40568348405725,sarimax_calendar
3,2016-05-16 02:00:00,9,56.666666666666664,72.28812765765906,-65.58791700860169,210.16417232391981,sarimax_calendar
3,2016-05-16 03:00:00,10,53.333333333333336,70.67497053308007,-67.20396828994386,208.553909356104,sarimax_calendar
3,2016-05-16 04:00:00,11,55.0,71.26254207643875,-66.62360108906985,209.14868524194736,sarimax_calendar
3,2016-05-16 05:00:00,12,51.666666666666664,79.79992512015883,-58.09604817704928,217.69589841736695,sarimax_calendar
3,2016-05-16 06:00:00,13,53.333333333333336,89.01065324149724,-48.896438726909025,226.9177452099035,sarimax_calendar
3,2016-05-16 07:00:00,14,61.666666666666664,119.19351279879946,-18.72523484030164,257.11226043790055,sarimax_calendar
3,2016-05-16 08:00:00,15,88.33333333333333,135.9182881526469,-2.012271925780027,273.8488482310738,sarimax_calendar
3,2016-05-16 09:00:00,16,70.0,124.83232446527505,-13.110021064145016,262.7746699946951,sarimax_calendar
3,2016-05-16 10:00:00,17,148.33333333333334,133.42815856905983,-4.525859086244111,271.3821762243638,sarimax_calendar
3,2016-05-16 11:00:00,18,103.33333333333331,134.95578027888806,-3.0097568196733278,272.92131737744944,sarimax_calendar
3,2016-05-16 12:00:00,19,206.66666666666663,129.53250995231636,-8.444376909155608,267.5093968137883,sarimax_calendar
3,2016-05-16 13:00:00,20,266.6666666666667,125.24177320833337,-12.746287303172437,263.2298337198392,sarimax_calendar
3,2016-05-16 14:00:00,21,88.33333333333333,119.94723420469825,-18.051822380242953,257.9462907896394,sarimax_calendar
3,2016-05-16 15:00:00,22,111.66666666666669,115.82035584354199,-22.189520089107333,253.8302317761913,sarimax_calendar
3,2016-05-16 16:00:00,23,88.33333333333333,144.7916908912707,6.771170421583889,282.81221136095746,sarimax_calendar
3,2016-05-16 17:00:00,24,243.33333333333337,206.38543044135955,68.35443783993489,344.41642304278423,sarimax_calendar
4,2016-05-16 18:00:00,1,155.0,199.86717893650797,79.26414468513211,320.4702131878838,sarimax_calendar
4,2016-05-16 19:00:00,2,115.0,140.56610618830675,13.16298232972673,267.96923004688676,sarimax_calendar
4,2016-05-16 20:00:00,3,96.66666666666669,131.13140958921184,-2.2460635852863504,264.50888276371006,sarimax_calendar
4,2016-05-16 21:00:00,4,68.33333333333333,94.05502752228485,-41.654298213806314,229.764353258376,sarimax_calendar
4,2016-05-16 22:00:00,5,46.666666666666664,83.69057564903972,-52.7963236446175,220.17747494269693,sarimax_calendar
4,2016-05-16 23:00:00,6,60.0,76.06086103930416,-61.58895028982688,213.7106723684352,sarimax_calendar
4,2016-05-17 00:00:00,7,50.0,55.010244108528205,-82.8418456721582,192.86233388921463,sarimax_calendar
4,2016-05-17 01:00:00,8,55.0,54.75724863428596,-83.11816584090758,192.6326631094795,sarimax_calendar
4,2016-05-17 02:00:00,9,51.666666666666664,53.93237760340189,-83.943166662342,191.8079218691458,sarimax_calendar
4,2016-05-17 03:00:00,10,53.333333333333336,52.34052575205004,-85.53791696631285,190.21896847041293,sarimax_calendar
4,2016-05-17 04:00:00,11,53.333333333333336,53.02803534246068,-84.85761792758153,190.91368861250288,sarimax_calendar
4,2016-05-17 05:00:00,12,58.333333333333336,61.04533011043141,-76.85016034041386,198.94082056127667,sarimax_calendar
4,2016-05-17 06:00:00,13,56.666666666666664,69.92377492768236,-67.9828415733225,207.83039142868722,sarimax_calendar
4,2016-05-17 07:00:00,14,65.0,99.11038279106899,-38.807896849038485,237.02866243117646,sarimax_calendar
4,2016-05-17 08:00:00,15,56.666666666666664,116.29981318822088,-21.630286336632068,254.22991271307382,sarimax_calendar
4,2016-05-17 09:00:00,16,51.666666666666664,104.88595127110676,-33.05594107522171,242.82784361743524,sarimax_calendar
4,2016-05-17 10:00:00,17,53.333333333333336,116.6972351191042,-21.25633662522388,254.6508068634323,sarimax_calendar
4,2016-05-17 11:00:00,18,51.666666666666664,116.08778327622944,-21.877315075098792,254.05288162755767,sarimax_calendar
4,2016-05-17 12:00:00,19,53.333333333333336,115.67571019345078,-22.30074497246028,253.65216535936185,sarimax_calendar
4,2016-05-17 13:00:00,20,41.666666666666664,114.34910626308282,-23.63852949180098,252.33674201796663,sarimax_calendar
4,2016-05-17 14:00:00,21,53.333333333333336,101.0932780240856,-36.905360630954846,239.09191667912606,sarimax_calendar
4,2016-05-17 15:00:00,22,51.666666666666664,98.23494024732118,-39.77452447125329,236.24440496589563,sarimax_calendar
4,2016-05-17 16:00:00,23,66.66666666666667,124.80283376978642,-13.217282092579524,262.82294963215236,sarimax_calendar
4,2016-05-17 17:00:00,24,153.33333333333334,190.70082894755384,52.67023445446728,328.7314234406404,sarimax_calendar
5,2016-05-17 18:00:00,1,100.0,147.77580403130506,27.172883740876287,268.37872432173384,sarimax_calendar
5,2016-05-17 19:00:00,2,123.33333333333331,107.80580462275056,-19.597128035788387,235.2087372812895,sarimax_calendar
5,2016-05-17 20:00:00,3,118.33333333333331,106.40528978470518,-26.971902710576572,239.78248227998694,sarimax_calendar
5,2016-05-17 21:00:00,4,65.0,75.26883953006868,-60.44013864236629,210.97781770250364,sarimax_calendar
5,2016-05-17 22:00:00,5,46.666666666666664,61.2398238715036,-75.24668515078702,197.72633289379422,sarimax_calendar
5,2016-05-17 23:00:00,6,55.0,59.33154764584778,-78.31781764432039,196.98091293601595,sarimax_calendar
5,2016-05-18 00:00:00,7,51.666666666666664,49.307386304721405,-88.544232642298,187.1590052517408,sarimax_calendar
5,2016-05-18 01:00:00,8,53.333333333333336,50.33778037209447,-87.53715511622124,188.21271586041019,sarimax_calendar
5,2016-05-18 02:00:00,9,55.0,49.87067948469159,-88.004385940544,187.74574490992717,sarimax_calendar
5,2016-05-18 03:00:00,10,51.666666666666664,48.63221034936363,-89.24575764224953,186.51017834097678,sarimax_calendar
5,2016-05-18 04:00:00,11,51.666666666666664,49.36339436653977,-88.52179012153294,187.2485788546125,sarimax_calendar
5,2016-05-18 05:00:00,12,65.0,57.256439891948425,-80.63858852544709,195.15146830934393,sarimax_calendar
5,2016-05-18 06:00:00,13,70.0,65.63543855312503,-72.27072297857546,203.54160008482552,sarimax_calendar
5,2016-05-18 07:00:00,14,53.333333333333336,93.83462249776508,-44.08320932273941,231.75245431826957,sarimax_calendar
5,2016-05-18 08:00:00,15,61.666666666666664,109.81545085327096,-28.114207979639247,247.74510968618117,sarimax_calendar
5,2016-05-18 09:00:00,16,65.0,98.66038454731907,-39.28107416297158,236.60184325760972,sarimax_calendar
5,2016-05-18 10:00:00,17,58.333333333333336,109.96704406968249,-27.986101000336333,247.9201891397013,sarimax_calendar
5,2016-05-18 11:00:00,18,70.0,109.27091576461899,-28.693762770377106,247.2355942996151,sarimax_calendar
5,2016-05-18 12:00:00,19,56.666666666666664,108.91650817873528,-29.059533921531596,246.89255027900217,sarimax_calendar
5,2016-05-18 13:00:00,20,86.66666666666667,107.07602905566289,-30.91120027634041,245.06325838766617,sarimax_calendar
5,2016-05-18 14:00:00,21,81.66666666666667,94.92985235066797,-43.068386416828474,232.92809111816442,sarimax_calendar
5,2016-05-18 15:00:00,22,83.33333333333333,92.08900006345165,-45.920071196753284,230.0980713236566,sarimax_calendar
5,2016-05-18 16:00:00,23,105.0,118.08728557527616,-19.932443153470246,256.1070143040225,sarimax_calendar
5,2016-05-18 17:00:00,24,118.33333333333331,184.90456267360662,46.87434909257695,322.9347762546363,sarimax_calendar
6,2016-05-18 18:00:00,1,178.33333333333334,141.44709605357332,20.84428469135254,262.0499074157941,sarimax_calendar
6,2016-05-18 19:00:00,2,143.33333333333334,97.35036468580877,-30.052385107628496,224.75311447924605,sarimax_calendar
6,2016-05-18 20:00:00,3,223.33333333333337,97.30413514901602,-36.07278882515672,230.68105912318876,sarimax_calendar
6,2016-05-18 21:00:00,4,81.66666666666667,67.43411376413547,-68.27453186053484,203.14275938880579,sarimax_calendar
6,2016-05-18 22:00:00,5,51.666666666666664,48.525965190550565,-87.96017039676367,185.01210077786482,sarimax_calendar
6,2016-05-18 23:00:00,6,56.666666666666664,49.941880311262224,-87.70705816771945,187.5908187902439,sarimax_calendar
6,2016-05-19 00:00:00,7,51.666666666666664,56.30996575668275,-81.54120265187012,194.1611341652356,sarimax_calendar
6,2016-05-19 01:00:00,8,51.666666666666664,58.00142873802929,-79.87304841164169,195.87590588770027,sarimax_calendar
6,2016-05-19 02:00:00,9,50.0,57.92450512356358,-79.95010210553629,195.79911235266343,sarimax_calendar
6,2016-05-19 03:00:00,10,51.666666666666664,56.72014603167432,-81.15736770295243,194.59765976630106,sarimax_calendar
6,2016-05-19 04:00:00,11,56.666666666666664,57.47159023076194,-80.41314569164877,195.35632615317263,sarimax_calendar
6,2016-05-19 05:00:00,12,55.0,65.63265253035553,-72.26193378179983,203.52723884251088,sarimax_calendar
6,2016-05-19 06:00:00,13,58.333333333333336,73.85647351453022,-64.04925267434817,211.7621997034086,sarimax_calendar
6,2016-05-19 07:00:00,14,50.0,99.98254654730147,-37.934856774631754,237.8999498692347,sarimax_calendar
6,2016-05-19 08:00:00,15,53.333333333333336,115.5998005826721,-22.329436574786357,253.52903774013055,sarimax_calendar
6,2016-05-19 09:00:00,16,36.666666666666664,105.09843647246545,-32.842607316788545,243.03948026171946,sarimax_calendar
6,2016-05-19 10:00:00,17,55.0,115.56367910688137,-22.38905770635627,253.51641592011902,sarimax_calendar
6,2016-05-19 11:00:00,18,51.666666666666664,115.4223404914945,-22.541936351653916,253.3866173346429,sarimax_calendar
6,2016-05-19 12:00:00,19,55.0,114.45605081372649,-23.519596056919696,252.4316976843727,sarimax_calendar
6,2016-05-19 13:00:00,20,50.0,114.06694888670697,-23.919891574587496,252.05378934800143,sarimax_calendar
6,2016-05-19 14:00:00,21,63.333333333333336,102.23543359893273,-35.76242255393075,240.2332897517962,sarimax_calendar
6,2016-05-19 15:00:00,22,81.66666666666667,99.58786864916658,-38.42082615085528,237.59656344918844,sarimax_calendar
6,2016-05-19 16:00:00,23,90.0,125.37264214074436,-12.646716182299414,263.3920004637881,sarimax_calendar
6,2016-05-19 17:00:00,24,208.33333333333337,189.71381768628783,51.68396855527271,327.74366681730294,sarimax_calendar
7,2016-05-19 18:00:00,1,120.0,172.4165999125659,51.813892670762016,293.0193071543698,sarimax_calendar
7,2016-05-19 19:00:00,2,98.33333333333331,131.5377753025782,4.135200402158347,258.94035020299805,sarimax_calendar
7,2016-05-19 20:00:00,3,118.33333333333331,127.76519378824571,-5.611473300633406,261.1418608771248,sarimax_calendar
7,2016-05-19 21:00:00,4,66.66666666666667,84.80062135421426,-50.90770609719118,220.5089488056197,sarimax_calendar
7,2016-05-19 22:00:00,5,50.0,69.13706928465453,-67.34870898712774,205.6228475564368,sarimax_calendar
7,2016-05-19 23:00:00,6,56.666666666666664,63.45934668858868,-74.18918339007047,201.10787676724783,sarimax_calendar
7,2016-05-20 00:00:00,7,51.666666666666664,75.950276174539,-61.9004611288625,213.8010134779405,sarimax_calendar
7,2016-05-20 01:00:00,8,51.666666666666664,75.92210147596111,-61.951937106390375,213.7961400583126,sarimax_calendar
7,2016-05-20 02:00:00,9,36.666666666666664,74.98990793995054,-62.884260860472466,212.86407674037355,sarimax_calendar
7,2016-05-20 03:00:00,10,58.333333333333336,73.54412874186444,-64.33295033581702,211.42120781954588,sarimax_calendar
7,2016-05-20 04:00:00,11,51.666666666666664,74.31168450882502,-63.57262220502734,212.19599122267738,sarimax_calendar
7,2016-05-20 05:00:00,12,61.666666666666664,81.93311759182389,-55.96104569607964,219.82728087972743,sarimax_calendar
7,2016-05-20 06:00:00,13,66.66666666666667,89.8884422046362,-48.01686743324147,227.79375184251387,sarimax_calendar
7,2016-05-20 07:00:00,14,80.0,114.40568324088284,-23.511310081570315,252.322676563336,sarimax_calendar
7,2016-05-20 08:00:00,15,126.66666666666669,129.44486310391807,-8.483970585324101,267.3736967931602,sarimax_calendar
7,2016-05-20 09:00:00,16,73.33333333333333,118.65182199572936,-19.28882479079249,256.5924687822512,sarimax_calendar
7,2016-05-20 10:00:00,17,81.66666666666667,129.47366910295068,-8.478677086729022,267.4260152926304,sarimax_calendar
7,2016-05-20 11:00:00,18,73.33333333333333,129.18088113083164,-8.783011372856578,267.1447736345199,sarimax_calendar
7,2016-05-20 12:00:00,19,71.66666666666667,128.40854715324383,-9.566721563725224,266.38381587021286,sarimax_calendar
7,2016-05-20 13:00:00,20,61.666666666666664,127.80347877592297,-10.182989618579427,265.78994717042536,sarimax_calendar
7,2016-05-20 14:00:00,21,60.0,117.12684725662305,-20.870642817896965,255.12433733114307,sarimax_calendar
7,2016-05-20 15:00:00,22,46.666666666666664,115.44164269022208,-22.566691922626674,253.44997730307085,sarimax_calendar
7,2016-05-20 16:00:00,23,48.333333333333336,140.41962125097757,2.400617319636268,278.4386251823189,sarimax_calendar
7,2016-05-20 17:00:00,24,75.0,207.24290345366526,69.21340301346066,345.27240389386986,sarimax_calendar
8,2016-05-20 18:00:00,1,78.33333333333333,123.21218363374241,2.6095759189832535,243.81479134850156,sarimax_calendar
8,2016-05-20 19:00:00,2,65.0,93.59853615312326,-33.80387147965992,221.00094378590643,sarimax_calendar
8,2016-05-20 20:00:00,3,70.0,109.4042654814618,-23.972155858277404,242.78068682120102,sarimax_calendar
8,2016-05-20 21:00:00,4,65.0,80.14288607516634,-55.5651369635395,215.8509091138722,sarimax_calendar
8,2016-05-20 22:00:00,5,53.333333333333336,66.50763368579315,-69.97780270345113,202.99307007503745,sarimax_calendar
8,2016-05-20 23:00:00,6,45.0,74.23874221905062,-63.40939708777863,211.88688152587986,sarimax_calendar
8,2016-05-21 00:00:00,7,48.333333333333336,67.37980719937605,-70.47051760669498,205.23013200544708,sarimax_calendar
8,2016-05-21 01:00:00,8,51.666666666666664,70.21164983816303,-67.66196910830601,208.08526878463206,sarimax_calendar
8,2016-05-21 02:00:00,9,56.666666666666664,69.96313969224157,-67.9106096070811,207.83688899156425,sarimax_calendar
8,2016-05-21 03:00:00,10,48.333333333333336,70.18706106417176,-67.6896021236295,208.063724251973,sarimax_calendar
8,2016-05-21 04:00:00,11,56.666666666666664,70.87358923960512,-67.01030679991256,208.75748527912282,sarimax_calendar
8,2016-05-21 05:00:00,12,51.666666666666664,78.70222903283752,-59.19152950042198,216.59598756609702,sarimax_calendar
8,2016-05-21 06:00:00,13,60.0,86.54174861004063,-51.36316246933069,224.44665968941194,sarimax_calendar
8,2016-05-21 07:00:00,14,56.666666666666664,110.52778952325245,-27.388811511690946,248.44439055819583,sarimax_calendar
8,2016-05-21 08:00:00,15,208.33333333333337,126.98938445383433,-10.939063199477573,264.91783210714624,sarimax_calendar
8,2016-05-21 09:00:00,16,310.0,114.19654029781911,-23.7437266413762,252.1368072370144,sarimax_calendar
8,2016-05-21 10:00:00,17,383.3333333333333,124.85876946468431,-13.093202983652589,262.8107419130212,sarimax_calendar
8,2016-05-21 11:00:00,18,431.6666666666667,124.14928788448105,-13.814236892840256,262.11281266180237,sarimax_calendar
8,2016-05-21 12:00:00,19,228.33333333333337,123.28872668764828,-14.686180223823811,261.26363359912034,sarimax_calendar
8,2016-05-21 13:00:00,20,343.3333333333333,122.20407413650247,-15.782038278708,260.19018655171294,sarimax_calendar
8,2016-05-21 14:00:00,21,303.3333333333333,111.89529846958665,-26.10184135762647,249.89243829679975,sarimax_calendar
8,2016-05-21 15:00:00,22,361.6666666666667,109.62725405600749,-28.380735948406695,247.63524406042166,sarimax_calendar
8,2016-05-21 16:00:00,23,100.0,133.48581917290386,-4.5328456972679305,271.50448404307565,sarimax_calendar
8,2016-05-21 17:00:00,24,95.0,198.41457973497427,60.38541289921335,336.4437465707352,sarimax_calendar
9,2016-05-21 18:00:00,1,125.0,135.8997427891327,15.29723021248472,256.5022553657807,sarimax_calendar
9,2016-05-21 19:00:00,2,108.33333333333331,90.57955670072656,-36.822690958473146,217.98180435992626,sarimax_calendar
9,2016-05-21 20:00:00,3,95.0,108.43771846510211,-24.938467783584287,241.8139047137885,sarimax_calendar
9,2016-05-21 21:00:00,4,135.0,58.29842695077896,-77.40930484808807,194.00615874964598,sarimax_calendar
9,2016-05-21 22:00:00,5,73.33333333333333,42.243744826064,-94.24136445633535,178.72885410846334,sarimax_calendar
9,2016-05-21 23:00:00,6,148.33333333333334,52.68811934589878,-84.95964606825979,190.33588476005733,sarimax_calendar
9,2016-05-22 00:00:00,7,60.0,57.67503001599698,-80.1749001098841,195.52496014187807,sarimax_calendar
9,2016-05-22 01:00:00,8,56.666666666666664,61.363971350628,-76.50924608692486,199.23718878818084,sarimax_calendar
9,2016-05-22 02:00:00,9,51.666666666666664,61.78988561051723,-76.08346231082795,199.66323353186243,sarimax_calendar
9,2016-05-22 03:00:00,10,53.333333333333336,61.86176362842436,-76.01450163874054,199.73802889558928,sarimax_calendar
9,2016-05-22 04:00:00,11,55.0,63.05117580868194,-74.83232730259309,200.93467891995695,sarimax_calendar
9,2016-05-22 05:00:00,12,50.0,70.39658895532729,-67.49678231579917,208.28996022645373,sarimax_calendar
9,2016-05-22 06:00:00,13,58.333333333333336,78.3451951228482,-59.559334624979414,216.2497248706758,sarimax_calendar
9,2016-05-22 07:00:00,14,63.333333333333336,101.1497081522213,-36.76651755336299,239.0659338578056,sarimax_calendar
9,2016-05-22 08:00:00,15,190.0,123.90631682179158,-14.021761485735468,261.83439512931864,sarimax_calendar
9,2016-05-22 09:00:00,16,113.33333333333331,116.45074667004937,-21.48915684664732,254.39065018674606,sarimax_calendar
9,2016-05-22 10:00:00,17,201.66666666666663,130.06462877437974,-7.886986095661001,268.01624364442046,sarimax_calendar
9,2016-05-22 11:00:00,18,343.3333333333333,131.6784038818132,-6.284769074305444,269.6415768379319,sarimax_calendar
9,2016-05-22 12:00:00,19,126.66666666666669,121.56199289384308,-16.41256786344691,259.5365536511331,sarimax_calendar
9,2016-05-22 13:00:00,20,103.33333333333331,125.88542115848583,-12.100350678954925,263.87119299592655,sarimax_calendar
9,2016-05-22 14:00:00,21,106.66666666666669,114.27346339578635,-23.72334133988933,252.27026813146205,sarimax_calendar
9,2016-05-22 15:00:00,22,96.66666666666669,114.85825213943059,-23.149408170557905,252.86591244941908,sarimax_calendar
9,2016-05-22 16:00:00,23,88.33333333333333,125.6354321527645,-12.382908332408036,263.65377263793704,sarimax_calendar
9,2016-05-22 17:00:00,24,265.0,187.4071260927027,49.37827841918167,325.4359737662237,sarimax_calendar
10,2016-05-22 18:00:00,1,120.0,177.65918639039015,57.05676475789117,298.2616080228891,sarimax_calendar
10,2016-05-22 19:00:00,2,96.66666666666669,144.4587886984883,17.056694035500215,271.86088336147634,sarimax_calendar
10,2016-05-22 20:00:00,3,116.66666666666669,135.0431385463198,1.6671771880482709,268.41909990459135,sarimax_calendar
10,2016-05-22 21:00:00,4,88.33333333333333,91.83458787251094,-43.87286529674303,227.5420410417649,sarimax_calendar
10,2016-05-22 22:00:00,5,78.33333333333333,78.80044521143114,-57.684351110390224,215.2852415332525,sarimax_calendar
10,2016-05-22 23:00:00,6,60.0,72.10357240521512,-65.54383527771003,209.75098008814027,sarimax_calendar
10,2016-05-23 00:00:00,7,58.333333333333336,71.94734411843847,-65.90220838702815,209.79689662390507,sarimax_calendar
10,2016-05-23 01:00:00,8,51.666666666666664,70.80036414552742,-67.07246913949734,208.6731974305522,sarimax_calendar
10,2016-05-23 02:00:00,9,58.333333333333336,68.85128408805993,-69.02167980787841,206.72424798399828,sarimax_calendar
10,2016-05-23 03:00:00,10,51.666666666666664,68.00561390859355,-69.87027064299494,205.88149846018203,sarimax_calendar
10,2016-05-23 04:00:00,11,50.0,68.76482790738366,-69.11829926685634,206.64795508162365,sarimax_calendar
10,2016-05-23 05:00:00,12,66.66666666666667,75.34562107677883,-62.547379680429884,213.23862183398754,sarimax_calendar
10,2016-05-23 06:00:00,13,60.0,83.23705303438672,-54.66711187566162,221.14121794443506,sarimax_calendar
10,2016-05-23 07:00:00,14,56.666666666666664,105.20460947387593,-32.71125713853948,243.12047608629135,sarimax_calendar
10,2016-05-23 08:00:00,15,51.666666666666664,132.7544968533111,-5.173228087821798,270.682221794444,sarimax_calendar
10,2016-05-23 09:00:00,16,55.0,122.13547661062636,-15.804079208739282,260.075032429992,sarimax_calendar
10,2016-05-23 10:00:00,17,51.666666666666664,139.21756929509598,1.2662965290183195,277.1688420611737,sarimax_calendar
10,2016-05-23 11:00:00,18,56.666666666666664,147.30980215758103,9.346965795430435,285.27263851973163,sarimax_calendar
10,2016-05-23 12:00:00,19,61.666666666666664,127.71735573214539,-10.256873854963231,265.69158531925405,sarimax_calendar
10,2016-05-23 13:00:00,20,56.666666666666664,130.80037074278562,-7.185075261539367,268.78581674711063,sarimax_calendar
10,2016-05-23 14:00:00,21,58.333333333333336,119.90919933789917,-18.08728481541752,257.9056834912159,sarimax_calendar
10,2016-05-23 15:00:00,22,73.33333333333333,120.0393980624011,-17.96794683068977,258.046742955492,sarimax_calendar
10,2016-05-23 16:00:00,23,156.66666666666666,129.96931786792112,-8.048712281888044,267.98734801773026,sarimax_calendar
10,2016-05-23 17:00:00,24,380.0,197.06236470945086,59.03382237271444,335.0909070461873,sarimax_calendar
11,2016-05-23 18:00:00,1,123.33333333333331,245.18454855986286,124.5822138635389,365.7868832561868,sarimax_calendar
11,2016-05-23 19:00:00,2,120.0,199.6903625420214,72.28841420060122,327.0923108834416,sarimax_calendar
11,2016-05-23 20:00:00,3,105.0,175.22221835860336,41.8464721278726,308.5979645893341,sarimax_calendar
11,2016-05-23 21:00:00,4,68.33333333333333,129.22257513820853,-6.4846114729829765,264.92976174940003,sarimax_calendar
11,2016-05-23 22:00:00,5,63.333333333333336,111.14461970424144,-25.339877200498464,247.62911660898135,sarimax_calendar
11,2016-05-23 23:00:00,6,58.333333333333336,93.31473100648402,-44.33233441916893,230.96179643213696,sarimax_calendar
11,2016-05-24 00:00:00,7,50.0,61.159662641228316,-76.68952857811499,199.00885386057163,sarimax_calendar
11,2016-05-24 01:00:00,8,56.666666666666664,57.352591681274475,-80.519874069467,195.22505743201594,sarimax_calendar
11,2016-05-24 02:00:00,9,55.0,54.64792228439789,-83.22467420059546,192.52051876939123,sarimax_calendar
11,2016-05-24 03:00:00,10,53.333333333333336,52.97789680211647,-84.89762350696125,190.8534171111942,sarimax_calendar
11,2016-05-24 04:00:00,11,53.333333333333336,53.352226244425864,-84.53054126091673,191.23499374976848,sarimax_calendar
11,2016-05-24 05:00:00,12,106.66666666666669,60.258729910454164,-77.63391636814227,198.1513761890506,sarimax_calendar
11,2016-05-24 06:00:00,13,71.66666666666667,67.40544581111769,-70.49837005265348,205.30926167488886,sarimax_calendar
11,2016-05-24 07:00:00,14,161.66666666666666,88.16424950758393,-49.75127355637217,226.07977257154005,sarimax_calendar
11,2016-05-24 08:00:00,15,56.666666666666664,114.18624410986924,-23.741142763530817,252.11363098326927,sarimax_calendar
11,2016-05-24 09:00:00,16,38.333333333333336,104.18701433328108,-33.75220884383536,242.12623751039752,sarimax_calendar
11,2016-05-24 10:00:00,17,66.66666666666667,120.31019290996761,-17.640752566896765,258.261138386832,sarimax_calendar
11,2016-05-24 11:00:00,18,101.66666666666669,128.24265028053142,-9.71986406564855,266.2051646267114,sarimax_calendar
11,2016-05-24 12:00:00,19,128.33333333333334,109.7657365654235,-28.208176196452015,247.739649327299,sarimax_calendar
11,2016-05-24 13:00:00,20,118.33333333333331,112.46057314975818,-25.524561137074556,250.4457074365909,sarimax_calendar
11,2016-05-24 14:00:00,21,150.0,102.13170294213872,-35.86447451882675,240.1278804031042,sarimax_calendar
11,2016-05-24 15:00:00,22,141.66666666666666,102.93083807327633,-35.07620507097366,240.93788121752632,sarimax_calendar
11,2016-05-24 16:00:00,23,141.66666666666666,116.22440711121641,-21.7933261529366,254.24214037536942,sarimax_calendar
11,2016-05-24 17:00:00,24,203.33333333333337,190.49457703914075,52.466326804274075,328.52282727400745,sarimax_calendar
12,2016-05-24 18:00:00,1,136.66666666666666,168.7031538090014,48.100902218336444,289.30540539966637,sarimax_calendar
12,2016-05-24 19:00:00,2,123.33333333333331,126.83698132748484,-0.5648270775844253,254.2387897325541,sarimax_calendar
12,2016-05-24 20:00:00,3,96.66666666666669,121.25850618594605,-12.11703426115993,254.63404663305204,sarimax_calendar
12,2016-05-24 21:00:00,4,76.66666666666667,83.28625959789142,-52.42067201102455,218.99319120680738,sarimax_calendar
12,2016-05-24 22:00:00,5,61.666666666666664,62.30104699171463,-74.18316346217179,198.78525744560105,sarimax_calendar
12,2016-05-24 23:00:00,6,58.333333333333336,61.462826230597585,-76.18391175322023,199.1095642144154,sarimax_calendar
12,2016-05-25 00:00:00,7,53.333333333333336,46.47093831291073,-91.37790725963737,184.31978388545883,sarimax_calendar
12,2016-05-25 01:00:00,8,53.333333333333336,46.83981194197942,-91.03230218563202,184.71192606959085,sarimax_calendar
12,2016-05-25 02:00:00,9,56.666666666666664,45.93193255286772,-91.94031242859319,183.80417753432863,sarimax_calendar
12,2016-05-25 03:00:00,10,48.333333333333336,45.0870391096915,-92.78813272876259,182.96221094814558,sarimax_calendar
12,2016-05-25 04:00:00,11,55.0,45.83010495398408,-92.05231845798431,183.7125283659525,sarimax_calendar
12,2016-05-25 05:00:00,12,55.0,55.05124957564906,-82.84105757677469,192.9435567280728,sarimax_calendar
12,2016-05-25 06:00:00,13,55.0,60.33614961818774,-77.56733231815801,198.23963155453347,sarimax_calendar
12,2016-05-25 07:00:00,14,65.0,84.313776515374,-53.60141788252628,222.22897091327428,sarimax_calendar
12,2016-05-25 08:00:00,15,83.33333333333333,104.3133484096146,-33.613715042722276,242.2404118619515,sarimax_calendar
12,2016-05-25 09:00:00,16,90.0,93.92898968789743,-44.00991526027207,231.86789463606692,sarimax_calendar
12,2016-05-25 10:00:00,17,78.33333333333333,110.60781435181889,-27.34281801887832,248.5584467225161,sarimax_calendar
12,2016-05-25 11:00:00,18,50.0,119.77755387354426,-18.18465241288493,257.73976015997346,sarimax_calendar
12,2016-05-25 12:00:00,19,60.0,103.36898584184415,-34.60462382773947,241.34259551142776,sarimax_calendar
12,2016-05-25 13:00:00,20,71.66666666666667,105.46916895510874,-32.51566712746286,243.45400503768036,sarimax_calendar
12,2016-05-25 14:00:00,21,80.0,97.06310216904274,-40.93278189664602,235.0589862347315,sarimax_calendar
12,2016-05-25 15:00:00,22,80.0,97.4313682647139,-40.57538621512457,235.43812274455235,sarimax_calendar
12,2016-05-25 16:00:00,23,231.66666666666663,110.10254298283775,-27.914906270894022,248.11999223656952,sarimax_calendar
12,2016-05-25 17:00:00,24,118.33333333333331,183.78214264561575,45.75417184316936,321.8101134480621,sarimax_calendar
13,2016-05-25 18:00:00,1,156.66666666666666,154.52095607659703,33.91878393043035,275.12312822276374,sarimax_calendar
13,2016-05-25 19:00:00,2,118.33333333333331,103.75234106591506,-23.649333511275756,231.15401564310588,sarimax_calendar
13,2016-05-25 20:00:00,3,190.0,101.3616328141021,-32.013710792303655,234.73697642050786,sarimax_calendar
13,2016-05-25 21:00:00,4,56.666666666666664,80.60384179928707,-55.102845869286455,216.3105294678606,sarimax_calendar
13,2016-05-25 22:00:00,5,53.333333333333336,47.6982754633198,-88.78566095307129,184.1822118797109,sarimax_calendar
13,2016-05-25 23:00:00,6,53.333333333333336,50.332988774027825,-87.31343595258042,187.97941350063607,sarimax_calendar
13,2016-05-26 00:00:00,7,53.333333333333336,52.23939221816597,-85.60912268116996,190.08790711750189,sarimax_calendar
13,2016-05-26 01:00:00,8,55.0,53.39608178561066,-84.47569595265882,191.26785952388013,sarimax_calendar
13,2016-05-26 02:00:00,9,50.0,53.0623382024898,-84.80957050553428,190.93424691051388,sarimax_calendar
13,2016-05-26 03:00:00,10,56.666666666666664,52.04927434208072,-85.82556412595595,189.92411281011738,sarimax_calendar
13,2016-05-26 04:00:00,11,50.0,53.14546628552137,-84.73662794513228,191.02756051617501,sarimax_calendar
13,2016-05-26 05:00:00,12,56.666666666666664,61.97691932670772,-75.91506339787168,199.86890205128714,sarimax_calendar
13,2016-05-26 06:00:00,13,61.666666666666664,67.03167024819547,-70.87149223526549,204.93483273165643,sarimax_calendar
13,2016-05-26 07:00:00,14,100.0,90.36872159537441,-47.546158384485636,228.28360157523446,sarimax_calendar
13,2016-05-26 08:00:00,15,156.66666666666666,110.28961277807481,-27.637141275375242,248.21636683152485,sarimax_calendar
13,2016-05-26 09:00:00,16,276.6666666666667,100.68592975840173,-37.25267075942563,238.62453027622908,sarimax_calendar
13,2016-05-26 10:00:00,17,265.0,116.05458414381324,-21.895748698731424,254.0049169863579,sarimax_calendar
13,2016-05-26 11:00:00,18,243.33333333333337,123.49211706163335,-14.469794525755546,261.45402864902223,sarimax_calendar
13,2016-05-26 12:00:00,19,221.66666666666663,108.29326247818024,-29.680057245916814,246.26658220227728,sarimax_calendar
13,2016-05-26 13:00:00,20,75.0,110.82777935185172,-27.15677146277747,248.8123301664809,sarimax_calendar
13,2016-05-26 14:00:00,21,68.33333333333333,103.18623911455776,-34.809364285090766,241.1818425142063,sarimax_calendar
13,2016-05-26 15:00:00,22,61.666666666666664,103.53151735285068,-34.47496098809425,241.5379956937956,sarimax_calendar
13,2016-05-26 16:00:00,23,495.0,122.5952351282793,-15.421942440137101,260.6124126966957,sarimax_calendar
13,2016-05-26 17:00:00,24,440.0,187.65989431785232,49.6321908198656,325.687597815839,sarimax_calendar
14,2016-05-26 18:00:00,1,215.0,308.9941929447228,188.39209674354868,429.5962891458969,sarimax_calendar
14,2016-05-26 19:00:00,2,223.33333333333337,225.9287515807648,98.52720498762854,353.3302981739011,sarimax_calendar
14,2016-05-26 20:00:00,3,91.66666666666669,180.4689483961804,47.09379307137209,313.8441037209887,sarimax_calendar
14,2016-05-26 21:00:00,4,76.66666666666667,146.10536365624662,10.398909338980417,281.8118179735128,sarimax_calendar
14,2016-05-26 22:00:00,5,70.0,99.6831821117971,-36.8004921509345,236.1668563745287,sarimax_calendar
14,2016-05-26 23:00:00,6,65.0,71.5779885006881,-66.06813654905721,209.2241135504334,sarimax_calendar
14,2016-05-27 00:00:00,7,60.0,68.99956420286121,-68.84863435907847,206.8477627648009,sarimax_calendar
14,2016-05-27 01:00:00,8,58.333333333333336,63.346651766501466,-74.5248041673154,201.21810770031834,sarimax_calendar
14,2016-05-27 02:00:00,9,50.0,59.60483567542032,-78.26675134041783,197.47642269125845,sarimax_calendar
14,2016-05-27 03:00:00,10,58.333333333333336,57.48108271736767,-80.39343683702283,195.3556022717582,sarimax_calendar
14,2016-05-27 04:00:00,11,58.333333333333336,57.57683621315895,-80.30494311268887,195.45861553900676,sarimax_calendar
14,2016-05-27 05:00:00,12,58.333333333333336,66.05529465251664,-71.83637771596884,203.9469670210021,sarimax_calendar
14,2016-05-27 06:00:00,13,63.333333333333336,71.03894910228668,-66.8639077856531,208.94180599022644,sarimax_calendar
14,2016-05-27 07:00:00,14,111.66666666666669,95.08513713921295,-42.82944206296443,232.99971634139033,sarimax_calendar
14,2016-05-27 08:00:00,15,130.0,116.75748270621884,-21.168975372354453,254.68394078479213,sarimax_calendar
14,2016-05-27 09:00:00,16,251.66666666666663,113.1990028665876,-24.73930643073338,251.13731216390858,sarimax_calendar
14,2016-05-27 10:00:00,17,251.66666666666663,127.4107907133618,-10.53925559954807,265.36083702627167,sarimax_calendar
14,2016-05-27 11:00:00,18,310.0,133.59993200649086,-4.3616976722055085,271.56156168518726,sarimax_calendar
14,2016-05-27 12:00:00,19,185.0,118.19609370715227,-19.77694865689216,256.1691360711967,sarimax_calendar
14,2016-05-27 13:00:00,20,265.0,113.95526522380065,-24.029012706681286,251.9395431542826,sarimax_calendar
14,2016-05-27 14:00:00,21,101.66666666666669,106.45132573360317,-31.544009185422766,244.4466606526291,sarimax_calendar
14,2016-05-27 15:00:00,22,76.66666666666667,106.56601171602418,-31.440202476289926,244.57222590833828,sarimax_calendar
14,2016-05-27 16:00:00,23,135.0,144.79183147175942,6.7749137903832946,282.8087491531355,sarimax_calendar
14,2016-05-27 17:00:00,24,180.0,204.4202811101599,66.392833307215,342.4477289131048,sarimax_calendar
1,2016-05-13 18:00:00,1,348.3333333333333,245.86250641025617,126.4908863762459,365.23412644426645,sarimax_weather
1,2016-05-13 19:00:00,2,208.33333333333337,169.0650459854893,42.11304671075321,296.01704526022536,sarimax_weather
1,2016-05-13 20:00:00,3,120.0,145.26157957094898,11.415663159192178,279.1074959827058,sarimax_weather
1,2016-05-13 21:00:00,4,63.333333333333336,107.29540044276132,-29.274186888577617,243.86498777410026,sarimax_weather
1,2016-05-13 22:00:00,5,55.0,85.33039374119329,-52.53801486236358,223.19880234475016,sarimax_weather
1,2016-05-13 23:00:00,6,61.666666666666664,75.01574248867473,-63.72336488145908,213.75484985880854,sarimax_weather
1,2016-05-14 00:00:00,7,58.333333333333336,61.22950149339124,-77.89688984384202,200.3558928306245,sarimax_weather
1,2016-05-14 01:00:00,8,63.333333333333336,59.42013429917773,-79.86484102229207,198.70510962064753,sarimax_weather
1,2016-05-14 02:00:00,9,60.0,57.469407526608904,-81.88150345545645,196.82031850867426,sarimax_weather
1,2016-05-14 03:00:00,10,60.0,56.75890894806673,-82.61936460997924,196.1371825061127,sarimax_weather
1,2016-05-14 04:00:00,11,60.0,58.42686268077307,-80.96277277911776,197.8164981406639,sarimax_weather
1,2016-05-14 05:00:00,12,56.666666666666664,68.01490495812072,-71.37944843166375,207.4092583479052,sarimax_weather
1,2016-05-14 06:00:00,13,63.333333333333336,78.15369041947287,-61.24262213715838,217.5500029761041,sarimax_weather
1,2016-05-14 07:00:00,14,113.33333333333331,107.00822023224549,-32.38890589758799,246.40534636207897,sarimax_weather
1,2016-05-14 08:00:00,15,133.33333333333334,122.23952320632793,-17.157940773961485,261.6369871866174,sarimax_weather
1,2016-05-14 09:00:00,16,118.33333333333331,110.35176012604342,-29.045844152869392,249.74936440495622,sarimax_weather
1,2016-05-14 10:00:00,17,158.33333333333334,116.94203621096307,-22.455626329595532,256.33969875152167,sarimax_weather
1,2016-05-14 11:00:00,18,96.66666666666669,121.16725032282932,-18.230436411983703,260.56493705764234,sarimax_weather
1,2016-05-14 12:00:00,19,116.66666666666669,115.97756009565268,-23.420136686279022,255.37525687758438,sarimax_weather
1,2016-05-14 13:00:00,20,113.33333333333331,109.7184107696242,-29.679290184565502,249.1161117238139,sarimax_weather
1,2016-05-14 14:00:00,21,106.66666666666669,105.5352395233677,-33.862463163420216,244.9329422101556,sarimax_weather
1,2016-05-14 15:00:00,22,130.0,100.2367942571949,-39.16090914898109,239.6344976633709,sarimax_weather
1,2016-05-14 16:00:00,23,111.66666666666669,130.96872829676386,-8.428975408186346,270.3664320017141,sarimax_weather
1,2016-05-14 17:00:00,24,241.66666666666663,187.78068669960732,48.38298287688309,327.17839052233154,sarimax_weather
2,2016-05-14 18:00:00,1,166.66666666666666,197.0893048340705,77.71768949523643,316.4609201729046,sarimax_weather
2,2016-05-14 19:00:00,2,90.0,145.7677645743542,18.8157702927264,272.71975885598204,sarimax_weather
2,2016-05-14 20:00:00,3,86.66666666666667,122.25023635832639,-11.595674789502027,256.0961475061548,sarimax_weather
2,2016-05-14 21:00:00,4,75.0,82.97739070577461,-53.59219125480877,219.546972666358,sarimax_weather
2,2016-05-14 22:00:00,5,61.666666666666664,68.0572984085793,-69.81110477748012,205.92570159463872,sarimax_weather
2,2016-05-14 23:00:00,6,48.333333333333336,59.76116846841472,-78.97793345461795,198.5002703914474,sarimax_weather
2,2016-05-15 00:00:00,7,53.333333333333336,57.084784877909215,-82.0416013225641,196.21117107838253,sarimax_weather
2,2016-05-15 01:00:00,8,55.0,55.94397577339254,-83.34099449544354,195.2289460422286,sarimax_weather
2,2016-05-15 02:00:00,9,51.666666666666664,54.44788098740861,-84.90302497977524,193.79878695459246,sarimax_weather
2,2016-05-15 03:00:00,10,40.0,53.10579851065603,-86.2724700479846,192.48406706929666,sarimax_weather
2,2016-05-15 04:00:00,11,51.666666666666664,53.434296677405655,-85.95533378952211,192.82392714433342,sarimax_weather
2,2016-05-15 05:00:00,12,56.666666666666664,62.856166478322564,-76.53818192117632,202.25051487782144,sarimax_weather
2,2016-05-15 06:00:00,13,51.666666666666664,72.17357930477903,-67.22272826267925,211.5698868722373,sarimax_weather
2,2016-05-15 07:00:00,14,93.33333333333331,101.79161927057083,-37.60550187055185,241.18874041169352,sarimax_weather
2,2016-05-15 08:00:00,15,118.33333333333331,119.40157495018343,-19.995884041587175,258.799033941954,sarimax_weather
2,2016-05-15 09:00:00,16,101.66666666666669,108.98980116652899,-30.40779812394473,248.3874004570027,sarimax_weather
2,2016-05-15 10:00:00,17,108.33333333333331,117.51944415571359,-21.878213396439065,256.9171017078662,sarimax_weather
2,2016-05-15 11:00:00,18,105.0,119.74372494261496,-19.653956803805983,259.1414066890359,sarimax_weather
2,2016-05-15 12:00:00,19,96.66666666666669,115.06315116993363,-24.33454062361244,254.4608429634797,sarimax_weather
2,2016-05-15 13:00:00,20,136.66666666666666,108.3766425391268,-31.021053426679885,247.7743385049335,sarimax_weather
2,2016-05-15 14:00:00,21,88.33333333333333,104.55264872119915,-34.84504897720794,243.95034641960623,sarimax_weather
2,2016-05-15 15:00:00,22,93.33333333333331,99.15950022760285,-40.23819819020281,238.5571986454085,sarimax_weather
2,2016-05-15 16:00:00,23,143.33333333333334,126.54457260727332,-12.853126109307794,265.94227132385447,sarimax_weather
2,2016-05-15 17:00:00,24,236.66666666666663,187.94424464714848,48.54654581222397,327.341943482073,sarimax_weather
3,2016-05-15 18:00:00,1,98.33333333333331,202.68710138881437,83.31549032107564,322.0587124565531,sarimax_weather
3,2016-05-15 19:00:00,2,96.66666666666669,145.93506570635736,18.98307596684701,272.8870554458677,sarimax_weather
3,2016-05-15 20:00:00,3,246.66666666666663,120.32509011656765,-13.520816242784463,254.17099647591976,sarimax_weather
3,2016-05-15 21:00:00,4,203.33333333333337,79.93097291712132,-56.63860415780749,216.50054999205014,sarimax_weather
3,2016-05-15 22:00:00,5,86.66666666666667,63.11488047681968,-74.75351778106509,200.98327873470444,sarimax_weather
3,2016-05-15 23:00:00,6,83.33333333333333,54.674285899676704,-84.06481106825152,193.41338286760492,sarimax_weather
3,2016-05-16 00:00:00,7,61.666666666666664,61.40196175540058,-77.72441977227822,200.52834328307938,sarimax_weather
3,2016-05-16 01:00:00,8,53.333333333333336,60.787379301324165,-78.49758637124495,200.07234497389328,sarimax_weather
3,2016-05-16 02:00:00,9,56.666666666666664,59.27978956721631,-80.0711118380429,198.63069097247552,sarimax_weather
3,2016-05-16 03:00:00,10,53.333333333333336,57.85827603656901,-81.51998797422524,197.23654004736326,sarimax_weather
3,2016-05-16 04:00:00,11,55.0,58.59918456132101,-80.79044136362077,197.9888104862628,sarimax_weather
3,2016-05-16 05:00:00,12,51.666666666666664,66.83129304852343,-72.56305081142506,206.22563690847193,sarimax_weather
3,2016-05-16 06:00:00,13,53.333333333333336,76.13622592873651,-63.26007710018351,215.53252895765652,sarimax_weather
3,2016-05-16 07:00:00,14,61.666666666666664,107.63116426896704,-31.76595233403785,247.02828087197193,sarimax_weather
3,2016-05-16 08:00:00,15,88.33333333333333,125.75136546701538,-13.64608898681206,265.1488199208428,sarimax_weather
3,2016-05-16 09:00:00,16,70.0,115.5339835053698,-23.86361124723328,254.9315782579729,sarimax_weather
3,2016-05-16 10:00:00,17,148.33333333333334,125.27617339294966,-14.121479621362482,264.6738264072618,sarimax_weather
3,2016-05-16 11:00:00,18,103.33333333333331,127.39566657121554,-12.002010637377538,266.79334377980865,sarimax_weather
3,2016-05-16 12:00:00,19,206.66666666666663,122.7973772864674,-16.600309969256557,262.19506454219135,sarimax_weather
3,2016-05-16 13:00:00,20,266.6666666666667,119.13057723287966,-20.26711419510741,258.52826866086673,sarimax_weather
3,2016-05-16 14:00:00,21,88.33333333333333,114.17657607171617,-25.221117088873257,253.5742692323056,sarimax_weather
3,2016-05-16 15:00:00,22,111.66666666666669,110.23742176630901,-29.160272113688563,249.6351156463066,sarimax_weather
3,2016-05-16 16:00:00,23,88.33333333333333,137.97570375829298,-1.421990420481194,277.3733979370671,sarimax_weather
3,2016-05-16 17:00:00,24,243.33333333333337,197.05017128467148,57.65247698703604,336.4478655823069,sarimax_weather
4,2016-05-16 18:00:00,1,155.0,188.60758663619504,69.2359794537755,307.9791938186146,sarimax_weather
4,2016-05-16 19:00:00,2,115.0,139.9201026406776,12.968117033029145,266.87208824832607,sarimax_weather
4,2016-05-16 20:00:00,3,96.66666666666669,127.40757598802224,-6.438326015360815,261.2534779914053,sarimax_weather
4,2016-05-16 21:00:00,4,68.33333333333333,92.62075164836688,-43.948820982192046,229.1903242789258,sarimax_weather
4,2016-05-16 22:00:00,5,46.666666666666664,75.33845409533893,-62.52993967949644,213.2068478701743,sarimax_weather
4,2016-05-16 23:00:00,6,60.0,68.95880555502521,-69.78028690535612,207.69789801540654,sarimax_weather
4,2016-05-17 00:00:00,7,50.0,48.31793827189881,-90.80843900504374,187.44431554884136,sarimax_weather
4,2016-05-17 01:00:00,8,55.0,47.92249020940676,-91.36247128204138,187.2074517008549,sarimax_weather
4,2016-05-17 02:00:00,9,51.666666666666664,46.31731817203615,-93.03357908334246,185.66821542741476,sarimax_weather
4,2016-05-17 03:00:00,10,53.333333333333336,44.33536689534492,-95.04289297837542,183.71362676906526,sarimax_weather
4,2016-05-17 04:00:00,11,53.333333333333336,44.50914467316187,-94.88047712003706,183.8987664663608,sarimax_weather
4,2016-05-17 05:00:00,12,58.333333333333336,52.10362935475564,-87.29071037566564,191.49796908517692,sarimax_weather
4,2016-05-17 06:00:00,13,56.666666666666664,61.407158823598195,-77.98914007671536,200.80345772391175,sarimax_weather
4,2016-05-17 07:00:00,14,65.0,91.41861545712834,-47.9784970176525,230.81572793190918,sarimax_weather
4,2016-05-17 08:00:00,15,56.666666666666664,108.96145719535753,-30.43599313040471,248.35890752111976,sarimax_weather
4,2016-05-17 09:00:00,16,51.666666666666664,97.59410117296989,-41.803489451633965,236.99169179757374,sarimax_weather
4,2016-05-17 10:00:00,17,53.333333333333336,110.44764125990804,-28.950007626432296,249.84529014624837,sarimax_weather
4,2016-05-17 11:00:00,18,51.666666666666664,110.99052726131697,-28.407145819315787,250.38820034194973,sarimax_weather
4,2016-05-17 12:00:00,19,53.333333333333336,110.19426389898541,-29.20341922878353,249.59194702675435,sarimax_weather
4,2016-05-17 13:00:00,20,41.666666666666664,109.45468645324127,-29.943000846792984,248.85237375327551,sarimax_weather
4,2016-05-17 14:00:00,21,53.333333333333336,98.85230473854176,-40.54538429409661,238.24999377118013,sarimax_weather
4,2016-05-17 15:00:00,22,51.666666666666664,97.21592327934792,-42.181766472707324,236.61361303140316,sarimax_weather
4,2016-05-17 16:00:00,23,66.66666666666667,124.09845159574809,-15.299238455084776,263.49614164658095,sarimax_weather
4,2016-05-17 17:00:00,24,153.33333333333334,190.03228579093945,50.63459562077418,329.42997596110473,sarimax_weather
5,2016-05-17 18:00:00,1,100.0,143.3364506698283,23.964847021796572,262.70805431786005,sarimax_weather
5,2016-05-17 19:00:00,2,123.33333333333331,100.40141631653427,-26.550565532452012,227.35339816552056,sarimax_weather
5,2016-05-17 20:00:00,3,118.33333333333331,96.68030824553801,-37.16558979531763,230.52620628639366,sarimax_weather
5,2016-05-17 21:00:00,4,65.0,65.31209693817925,-71.25747164943596,201.88166552579446,sarimax_weather
5,2016-05-17 22:00:00,5,46.666666666666664,49.28123392527931,-88.58715577142641,187.14962362198503,sarimax_weather
5,2016-05-17 23:00:00,6,55.0,46.20923225083277,-92.52985610913416,184.9483206107997,sarimax_weather
5,2016-05-18 00:00:00,7,51.666666666666664,37.10753164717869,-102.018841762964,176.23390505732138,sarimax_weather
5,2016-05-18 01:00:00,8,53.333333333333336,38.941715307169716,-100.343242380806,178.22667299514544,sarimax_weather
5,2016-05-18 02:00:00,9,55.0,37.8965656598225,-101.45432782050233,177.24745914014733,sarimax_weather
5,2016-05-18 03:00:00,10,51.666666666666664,36.228229327134954,-103.15002678318149,175.6064854374514,sarimax_weather
5,2016-05-18 04:00:00,11,51.666666666666664,37.75632711285505,-101.63329092178952,177.14594514749962,sarimax_weather
5,2016-05-18 05:00:00,12,65.0,46.47303730093745,-92.92129867294497,185.86737327481987,sarimax_weather
5,2016-05-18 06:00:00,13,70.0,55.442913859187684,-83.95338128542454,194.8392090037999,sarimax_weather
5,2016-05-18 07:00:00,14,53.333333333333336,85.14081390471688,-54.2562948147106,224.53792262414436,sarimax_weather
5,2016-05-18 08:00:00,15,61.666666666666664,102.22014200299793,-37.17730456755544,241.6175885735513,sarimax_weather
5,2016-05-18 09:00:00,16,65.0,91.29094394367797,-48.10664292577704,230.68853081313299,sarimax_weather
5,2016-05-18 10:00:00,17,58.333333333333336,103.21490117286953,-36.18274395834689,242.61254630408595,sarimax_weather
5,2016-05-18 11:00:00,18,70.0,103.86152596552955,-35.53614335998972,243.25919529104883,sarimax_weather
5,2016-05-18 12:00:00,19,56.666666666666664,103.87837006780097,-35.51930930485935,243.2760494404613,sarimax_weather
5,2016-05-18 13:00:00,20,86.66666666666667,102.82910679461008,-36.56857675031753,242.2267903395377,sarimax_weather
5,2016-05-18 14:00:00,21,81.66666666666667,92.27339872637737,-47.12428655115602,231.67108400391075,sarimax_weather
5,2016-05-18 15:00:00,22,83.33333333333333,88.70725128517722,-50.69043471178094,228.10493728213538,sarimax_weather
5,2016-05-18 16:00:00,23,105.0,114.22078623430423,-25.176900061432463,253.61847253004092,sarimax_weather
5,2016-05-18 17:00:00,24,118.33333333333331,182.72909149773653,43.33140508223883,322.12677791323426,sarimax_weather
6,2016-05-18 18:00:00,1,178.33333333333334,135.99614894975286,16.624548516874924,255.3677493826308,sarimax_weather
6,2016-05-18 19:00:00,2,143.33333333333334,87.97603776536164,-38.97594066445349,214.92801619517678,sarimax_weather
6,2016-05-18 20:00:00,3,223.33333333333337,86.90523080918206,-46.94066362705078,220.7511252454149,sarimax_weather
6,2016-05-18 21:00:00,4,81.66666666666667,55.77555851100408,-80.79400639883539,192.34512342084355,sarimax_weather
6,2016-05-18 22:00:00,5,51.666666666666664,38.96088890375495,-98.90749708316719,176.82927489067708,sarimax_weather
6,2016-05-18 23:00:00,6,56.666666666666664,37.1344424548322,-101.60464217507919,175.87352708474359,sarimax_weather
6,2016-05-19 00:00:00,7,51.666666666666664,43.431283542404,-95.69508635019682,182.55765343500482,sarimax_weather
6,2016-05-19 01:00:00,8,51.666666666666664,45.12463118646764,-94.16032304157369,184.40958541450897,sarimax_weather
6,2016-05-19 02:00:00,9,50.0,44.73283834997011,-94.61805169627206,184.08372839621228,sarimax_weather
6,2016-05-19 03:00:00,10,51.666666666666664,43.69212733802749,-95.68612534880398,183.07038002485896,sarimax_weather
6,2016-05-19 04:00:00,11,56.666666666666664,45.16435647202775,-94.22525814354339,184.55397108759888,sarimax_weather
6,2016-05-19 05:00:00,12,55.0,53.50780142468699,-85.8865311319554,192.90213398132937,sarimax_weather
6,2016-05-19 06:00:00,13,58.333333333333336,61.49502155260035,-77.9012701755338,200.8913132807345,sarimax_weather
6,2016-05-19 07:00:00,14,50.0,87.6019370326124,-51.795168270653534,226.99904233587833,sarimax_weather
6,2016-05-19 08:00:00,15,53.333333333333336,103.08944025811206,-36.30800289641121,242.48688341263534,sarimax_weather
6,2016-05-19 09:00:00,16,36.666666666666664,93.12115254478766,-46.27643090869179,232.51873599826712,sarimax_weather
6,2016-05-19 10:00:00,17,55.0,104.5298774567828,-34.86776425848075,243.92751917204635,sarimax_weather
6,2016-05-19 11:00:00,18,51.666666666666664,105.44305804095495,-33.95460786862097,244.84072395053087,sarimax_weather
6,2016-05-19 12:00:00,19,55.0,104.45657554160744,-34.94110041511388,243.85425149832875,sarimax_weather
6,2016-05-19 13:00:00,20,50.0,102.19380701314321,-37.203873115847244,241.59148714213367,sarimax_weather
6,2016-05-19 14:00:00,21,63.333333333333336,88.29587018444386,-51.10181167715385,227.69355204604156,sarimax_weather
6,2016-05-19 15:00:00,22,81.66666666666667,86.66345726063867,-52.734225320391005,226.06113984166834,sarimax_weather
6,2016-05-19 16:00:00,23,90.0,113.6071799727788,-25.79050290703026,253.00486285258785,sarimax_weather
6,2016-05-19 17:00:00,24,208.33333333333337,175.21274707230998,35.815064072350026,314.61043007226993,sarimax_weather
7,2016-05-19 18:00:00,1,120.0,164.79749072602635,45.425893217902455,284.16908823415025,sarimax_weather
7,2016-05-19 19:00:00,2,98.33333333333331,123.06200986881322,-3.8899654506578116,250.01398518828427,sarimax_weather
7,2016-05-19 20:00:00,3,118.33333333333331,117.9495070809424,-15.896384076245084,251.79539823812988,sarimax_weather
7,2016-05-19 21:00:00,4,66.66666666666667,75.22560608628908,-61.34395547795947,211.79516765053762,sarimax_weather
7,2016-05-19 22:00:00,5,50.0,55.427935846188234,-82.44044676602613,193.2963184584026,sarimax_weather
7,2016-05-19 23:00:00,6,56.666666666666664,50.82933400562615,-87.90974723113649,189.5684152423888,sarimax_weather
7,2016-05-20 00:00:00,7,51.666666666666664,63.82833619025399,-75.2980305025169,202.95470288302488,sarimax_weather
7,2016-05-20 01:00:00,8,51.666666666666664,64.39280767062752,-74.89214340998802,203.67775875124306,sarimax_weather
7,2016-05-20 02:00:00,9,36.666666666666664,63.511823770593935,-75.8390631517392,202.86271069292707,sarimax_weather
7,2016-05-20 03:00:00,10,58.333333333333336,61.4366084451824,-77.94164112738048,200.81485801774528,sarimax_weather
7,2016-05-20 04:00:00,11,51.666666666666664,62.25208235814421,-77.13752914717142,201.64169386345984,sarimax_weather
7,2016-05-20 05:00:00,12,61.666666666666664,70.41918385677059,-68.9751455912841,209.81351330482528,sarimax_weather
7,2016-05-20 06:00:00,13,66.66666666666667,78.29246056454997,-61.103828055689576,217.68874918478951,sarimax_weather
7,2016-05-20 07:00:00,14,80.0,103.22812480994355,-36.16897738571569,242.6252270056028,sarimax_weather
7,2016-05-20 08:00:00,15,126.66666666666669,117.5194011192234,-21.878038927812753,256.9168411662596,sarimax_weather
7,2016-05-20 09:00:00,16,73.33333333333333,106.04858374294628,-33.34899660309574,245.4461640889883,sarimax_weather
7,2016-05-20 10:00:00,17,81.66666666666667,117.2213293537622,-22.176309254084572,256.618967961609,sarimax_weather
7,2016-05-20 11:00:00,18,73.33333333333333,116.51141104285188,-22.886251759315883,255.90907384501963,sarimax_weather
7,2016-05-20 12:00:00,19,71.66666666666667,115.76262670427815,-23.635046145039013,255.1602995535953,sarimax_weather
7,2016-05-20 13:00:00,20,61.666666666666664,117.23819859066867,-22.15947843091925,256.6358756122566,sarimax_weather
7,2016-05-20 14:00:00,21,60.0,108.50904685033282,-30.888631903863683,247.90672560452933,sarimax_weather
7,2016-05-20 15:00:00,22,46.666666666666664,107.67943821430316,-31.718241259331904,247.07711768793823,sarimax_weather
7,2016-05-20 16:00:00,23,48.333333333333336,133.37630267810601,-6.0213770943092015,272.7739824505212,sarimax_weather
7,2016-05-20 17:00:00,24,75.0,200.17105993402112,60.77338004110035,339.56873982694185,sarimax_weather
8,2016-05-20 18:00:00,1,78.33333333333333,113.33357325046757,-6.038021597072273,232.7051680980074,sarimax_weather
8,2016-05-20 19:00:00,2,65.0,79.17323469537905,-47.778737794680666,206.12520718543877,sarimax_weather
8,2016-05-20 20:00:00,3,70.0,92.02989785894772,-41.8159903153647,225.87578603326014,sarimax_weather
8,2016-05-20 21:00:00,4,65.0,60.627966411545344,-75.94159210929308,197.19752493238377,sarimax_weather
8,2016-05-20 22:00:00,5,53.333333333333336,48.05759547513355,-89.81078406718376,185.92597501745087,sarimax_weather
8,2016-05-20 23:00:00,6,45.0,51.077079738083455,-87.66199841200677,189.81615788817368,sarimax_weather
8,2016-05-21 00:00:00,7,48.333333333333336,44.27908181503648,-94.84728196691967,183.40544559699262,sarimax_weather
8,2016-05-21 01:00:00,8,51.666666666666664,48.809159431201806,-90.47578878626987,188.09410764867349,sarimax_weather
8,2016-05-21 02:00:00,9,56.666666666666664,49.86301794398548,-89.48786613659644,189.2139020245674,sarimax_weather
8,2016-05-21 03:00:00,10,48.333333333333336,51.173201758250514,-88.20504498133081,190.55144849783184,sarimax_weather
8,2016-05-21 04:00:00,11,56.666666666666664,52.46699055220557,-86.9226181237791,191.85659922819025,sarimax_weather
8,2016-05-21 05:00:00,12,51.666666666666664,60.60236317769869,-78.79196344254225,199.99668979793964,sarimax_weather
8,2016-05-21 06:00:00,13,60.0,69.25819918078781,-70.1380866122685,208.65448497384412,sarimax_weather
8,2016-05-21 07:00:00,14,56.666666666666664,93.6890580426205,-45.70804132611738,233.08615741135839,sarimax_weather
8,2016-05-21 08:00:00,15,208.33333333333337,110.51108889699145,-28.886348323232113,249.90852611721502,sarimax_weather
8,2016-05-21 09:00:00,16,310.0,98.1135400113535,-41.284037507921084,237.5111175306281,sarimax_weather
8,2016-05-21 10:00:00,17,383.3333333333333,109.92804670114674,-29.46958907995139,249.32568248224487,sarimax_weather
8,2016-05-21 11:00:00,18,431.6666666666667,110.40698415060922,-28.99067582481777,249.8046441260362,sarimax_weather
8,2016-05-21 12:00:00,19,228.33333333333337,110.25696219230628,-29.140707830273755,249.6546322148863,sarimax_weather
8,2016-05-21 13:00:00,20,343.3333333333333,109.62542537312095,-29.77224882173138,249.02309956797328,sarimax_weather
8,2016-05-21 14:00:00,21,303.3333333333333,99.17903709556964,-40.21863883189246,238.57671302303174,sarimax_weather
8,2016-05-21 15:00:00,22,361.6666666666667,95.92174553821872,-43.47593110868792,235.31942218512535,sarimax_weather
8,2016-05-21 16:00:00,23,100.0,118.8334068313834,-20.564270114304094,258.2310837770709,sarimax_weather
8,2016-05-21 17:00:00,24,95.0,184.65679971908725,45.25912265257162,324.0544767856029,sarimax_weather
9,2016-05-21 18:00:00,1,125.0,132.1493139020704,12.777721474805304,251.52090632933547,sarimax_weather
9,2016-05-21 19:00:00,2,108.33333333333331,88.55847845687197,-38.39349145933464,215.5104483730786,sarimax_weather
9,2016-05-21 20:00:00,3,95.0,99.44172609824375,-34.404159362612916,233.2876115591004,sarimax_weather
9,2016-05-21 21:00:00,4,135.0,61.3933263910983,-75.17622936121697,197.96288214341357,sarimax_weather
9,2016-05-21 22:00:00,5,73.33333333333333,46.29629225177712,-91.57208449792242,184.16466900147665,sarimax_weather
9,2016-05-21 23:00:00,6,148.33333333333334,48.60999122798364,-90.12908411422868,187.34906657019596,sarimax_weather
9,2016-05-22 00:00:00,7,60.0,51.23078140746503,-87.89557972658693,190.357142541517,sarimax_weather
9,2016-05-22 01:00:00,8,56.666666666666664,55.273481338858176,-84.0114642740744,194.55842695179075,sarimax_weather
9,2016-05-22 02:00:00,9,51.666666666666664,56.70608458919713,-82.64479690630608,196.05696608470035,sarimax_weather
9,2016-05-22 03:00:00,10,53.333333333333336,56.79731311445164,-82.58093104802856,196.17555727693184,sarimax_weather
9,2016-05-22 04:00:00,11,55.0,57.934585097106606,-81.45502100509779,197.324191199311,sarimax_weather
9,2016-05-22 05:00:00,12,50.0,64.0423598515647,-75.35196419627616,203.43668389940555,sarimax_weather
9,2016-05-22 06:00:00,13,58.333333333333336,71.43810931108248,-67.95817391014728,210.83439253231225,sarimax_weather
9,2016-05-22 07:00:00,14,63.333333333333336,94.77632111385202,-44.62077568329755,234.1734179110016,sarimax_weather
9,2016-05-22 08:00:00,15,190.0,117.4768334485438,-21.92060120019039,256.874268097278,sarimax_weather
9,2016-05-22 09:00:00,16,113.33333333333331,109.57258329665285,-29.82499165117349,248.9701582444792,sarimax_weather
9,2016-05-22 10:00:00,17,201.66666666666663,122.68719872830218,-16.71043448136473,262.08483193796906,sarimax_weather
9,2016-05-22 11:00:00,18,343.3333333333333,125.61488691659423,-13.782770487408698,265.01254432059716,sarimax_weather
9,2016-05-22 12:00:00,19,126.66666666666669,117.34518903123518,-22.052478419924114,256.7428564823945,sarimax_weather
9,2016-05-22 13:00:00,20,103.33333333333331,122.1340414860511,-17.263630137381824,261.53171310948403,sarimax_weather
9,2016-05-22 14:00:00,21,106.66666666666669,112.16212985864604,-27.235543497397828,251.5598032146899,sarimax_weather
9,2016-05-22 15:00:00,22,96.66666666666669,113.70259766713605,-25.69507640835775,253.10027174262984,sarimax_weather
9,2016-05-22 16:00:00,23,88.33333333333333,123.57302865934003,-15.824645714935258,262.97070303361534,sarimax_weather
9,2016-05-22 17:00:00,24,265.0,184.31470901740772,44.917034522010795,323.71238351280465,sarimax_weather
10,2016-05-22 18:00:00,1,120.0,184.08640819987232,64.71481797427805,303.4579984254666,sarimax_weather
10,2016-05-22 19:00:00,2,96.66666666666669,146.07231776938642,19.120350194557503,273.02428534421534,sarimax_weather
10,2016-05-22 20:00:00,3,116.66666666666669,133.17505465978786,-0.6708283326976243,267.02093765227335,sarimax_weather
10,2016-05-22 21:00:00,4,88.33333333333333,92.95676991840554,-43.61278331544497,229.52632315225605,sarimax_weather
10,2016-05-22 22:00:00,5,78.33333333333333,71.85249800886163,-66.01587620045484,209.7208722181781,sarimax_weather
10,2016-05-22 23:00:00,6,60.0,68.42541170902985,-70.31366107891756,207.16448449697725,sarimax_weather
10,2016-05-23 00:00:00,7,58.333333333333336,68.85912002325875,-70.26723870205274,207.98547874857024,sarimax_weather
10,2016-05-23 01:00:00,8,51.666666666666664,68.04060644937988,-71.24433679426045,207.3255496930202,sarimax_weather
10,2016-05-23 02:00:00,9,58.333333333333336,66.73095205833528,-72.61992708557841,206.08183120224896,sarimax_weather
10,2016-05-23 03:00:00,10,51.666666666666664,66.42715230563533,-72.95108951251243,205.8053941237831,sarimax_weather
10,2016-05-23 04:00:00,11,50.0,66.8211302192421,-72.56847354165072,206.2107339801349,sarimax_weather
10,2016-05-23 05:00:00,12,66.66666666666667,73.09286983779725,-66.30145186998752,212.48719154558202,sarimax_weather
10,2016-05-23 06:00:00,13,60.0,80.41869220942556,-58.97758867226983,219.81497309112095,sarimax_weather
10,2016-05-23 07:00:00,14,56.666666666666664,100.88327542185607,-38.51381903597587,240.280369879688,sarimax_weather
10,2016-05-23 08:00:00,15,51.666666666666664,127.83586025571435,-11.561572053792247,267.23329256522095,sarimax_weather
10,2016-05-23 09:00:00,16,55.0,118.06966239079668,-21.327910217839445,257.4672349994328,sarimax_weather
10,2016-05-23 10:00:00,17,51.666666666666664,135.87405913877234,-3.523571731719869,275.27169000926455,sarimax_weather
10,2016-05-23 11:00:00,18,56.666666666666664,144.69109870310353,5.293443638268769,284.08875376793833,sarimax_weather
10,2016-05-23 12:00:00,19,61.666666666666664,126.59065767796972,-12.8070074340244,265.98832278996383,sarimax_weather
10,2016-05-23 13:00:00,20,56.666666666666664,131.31971894354655,-8.07795034072248,270.7173882278156,sarimax_weather
10,2016-05-23 14:00:00,21,58.333333333333336,121.86421803186016,-17.5334529850208,261.2618890487411,sarimax_weather
10,2016-05-23 15:00:00,22,73.33333333333333,122.78228647005716,-16.615385266278622,262.17995820639294,sarimax_weather
10,2016-05-23 16:00:00,23,156.66666666666666,132.81729978953064,-6.580372245587284,272.21497182464856,sarimax_weather
10,2016-05-23 17:00:00,24,380.0,200.05749983187928,60.65982767537275,339.4551719883858,sarimax_weather
11,2016-05-23 18:00:00,1,123.33333333333331,246.13585850807272,126.76427028529021,365.50744673085524,sarimax_weather
11,2016-05-23 19:00:00,2,120.0,199.34693962388337,72.39497417895453,326.29890506881225,sarimax_weather
11,2016-05-23 20:00:00,3,105.0,172.29428128525382,38.44840053819158,306.1401620323161,sarimax_weather
11,2016-05-23 21:00:00,4,68.33333333333333,124.56782655908472,-12.001724383773507,261.137377501943,sarimax_weather
11,2016-05-23 22:00:00,5,63.333333333333336,97.4734817121236,-40.39489018626196,235.34185361050916,sarimax_weather
11,2016-05-23 23:00:00,6,58.333333333333336,87.87270342434346,-50.86636704004505,226.61177388873196,sarimax_weather
11,2016-05-24 00:00:00,7,50.0,57.09006270315473,-82.03629383097817,196.21641923728762,sarimax_weather
11,2016-05-24 01:00:00,8,56.666666666666664,53.67988197699367,-85.60505911135326,192.9648230653406,sarimax_weather
11,2016-05-24 02:00:00,9,55.0,51.31786200333397,-88.03301500139003,190.66873900805797,sarimax_weather
11,2016-05-24 03:00:00,10,53.333333333333336,49.03658514466974,-90.34165454088986,188.41482483022935,sarimax_weather
11,2016-05-24 04:00:00,11,53.333333333333336,48.587580878047504,-90.80202075300522,187.97718250910023,sarimax_weather
11,2016-05-24 05:00:00,12,106.66666666666669,54.846387548972245,-84.54793203011454,194.24070712805903,sarimax_weather
11,2016-05-24 06:00:00,13,71.66666666666667,62.325597486138065,-77.07068126733398,201.7218762396101,sarimax_weather
11,2016-05-24 07:00:00,14,161.66666666666666,83.72536949721245,-55.67172283259325,223.12246182701816,sarimax_weather
11,2016-05-24 08:00:00,15,56.666666666666664,108.99289380894118,-30.404536372621095,248.39032399050345,sarimax_weather
11,2016-05-24 09:00:00,16,38.333333333333336,97.55570662764148,-41.841863853084334,236.9532771083673,sarimax_weather
11,2016-05-24 10:00:00,17,66.66666666666667,113.52105765979712,-25.876571082798932,252.91868640239318,sarimax_weather
11,2016-05-24 11:00:00,18,101.66666666666669,121.98580728755542,-17.41184564938905,261.3834602244999,sarimax_weather
11,2016-05-24 12:00:00,19,128.33333333333334,104.2748432115244,-35.122819772582176,243.67250619563097,sarimax_weather
11,2016-05-24 13:00:00,20,118.33333333333331,108.88903535532961,-30.508631801053042,248.28670251171226,sarimax_weather
11,2016-05-24 14:00:00,21,150.0,99.88621755627037,-39.51145133272513,239.28388644526586,sarimax_weather
11,2016-05-24 15:00:00,22,141.66666666666666,100.46416951117067,-38.93350009728411,239.86183911962544,sarimax_weather
11,2016-05-24 16:00:00,23,141.66666666666666,113.9750832504053,-25.422586656832152,253.37275315764276,sarimax_weather
11,2016-05-24 17:00:00,24,203.33333333333337,188.60436126771282,49.206691238843916,328.0020312965817,sarimax_weather
12,2016-05-24 18:00:00,1,136.66666666666666,167.3683600736864,47.996773672818065,286.73994647455476,sarimax_weather
12,2016-05-24 19:00:00,2,123.33333333333331,123.74440567989069,-3.2075578275145347,250.69636918729591,sarimax_weather
12,2016-05-24 20:00:00,3,96.66666666666669,117.16040515843673,-16.685473546013014,251.00628386288648,sarimax_weather
12,2016-05-24 21:00:00,4,76.66666666666667,79.55069600372263,-57.018852855069895,216.12024486251516,sarimax_weather
12,2016-05-24 22:00:00,5,61.666666666666664,58.87621853551377,-78.99215126066835,196.7445883316959,sarimax_weather
12,2016-05-24 23:00:00,6,58.333333333333336,55.36518398511237,-83.37388436558527,194.10425233581,sarimax_weather
12,2016-05-25 00:00:00,7,53.333333333333336,38.12746350781208,-100.99889103305335,177.25381804867752,sarimax_weather
12,2016-05-25 01:00:00,8,53.333333333333336,37.267454697761536,-102.01748442996188,176.55239382548496,sarimax_weather
12,2016-05-25 02:00:00,9,56.666666666666664,35.76492143541407,-103.58595362333566,175.1157964941638,sarimax_weather
12,2016-05-25 03:00:00,10,48.333333333333336,35.21307977039794,-104.1651579751927,174.59131751598858,sarimax_weather
12,2016-05-25 04:00:00,11,55.0,35.812837853593464,-103.5767618399901,175.20243754717703,sarimax_weather
12,2016-05-25 05:00:00,12,55.0,44.760883425372754,-94.63343421728382,184.15520106802933,sarimax_weather
12,2016-05-25 06:00:00,13,55.0,49.74167962202284,-89.65459719545072,189.1379564394964,sarimax_weather
12,2016-05-25 07:00:00,14,65.0,74.09757903463878,-65.2995113593478,213.49466942862537,sarimax_weather
12,2016-05-25 08:00:00,15,83.33333333333333,94.9535255783452,-44.44390266747246,234.35095382416284,sarimax_weather
12,2016-05-25 09:00:00,16,90.0,85.33336530735085,-54.064203237661246,224.73093385236294,sarimax_weather
12,2016-05-25 10:00:00,17,78.33333333333333,102.81418757822689,-36.58343922866828,242.21181438512207,sarimax_weather
12,2016-05-25 11:00:00,18,50.0,112.67556882735141,-26.722082173897633,252.07321982860046,sarimax_weather
12,2016-05-25 12:00:00,19,60.0,96.55201171902308,-42.84564932939054,235.9496727674367,sarimax_weather
12,2016-05-25 13:00:00,20,71.66666666666667,99.03248821173725,-40.36517700895345,238.43015343242794,sarimax_weather
12,2016-05-25 14:00:00,21,80.0,91.52312095214268,-47.87454600116172,230.92078790544707,sarimax_weather
12,2016-05-25 15:00:00,22,80.0,92.26157278740709,-47.13609488536068,231.65924046017486,sarimax_weather
12,2016-05-25 16:00:00,23,231.66666666666663,103.56023487926814,-35.837433092282765,242.95790285081904,sarimax_weather
12,2016-05-25 17:00:00,24,118.33333333333331,176.8843538603801,37.48668576697682,316.2820219537833,sarimax_weather
13,2016-05-25 18:00:00,1,156.66666666666666,149.86113848904188,30.489553745529207,269.2327232325546,sarimax_weather
13,2016-05-25 19:00:00,2,118.33333333333331,94.66867352496229,-32.28328821991987,221.62063526984446,sarimax_weather
13,2016-05-25 20:00:00,3,190.0,95.70607621160082,-38.139800634728715,229.55195305793035,sarimax_weather
13,2016-05-25 21:00:00,4,56.666666666666664,66.11386249769544,-70.45568446526786,202.68340946065874,sarimax_weather
13,2016-05-25 22:00:00,5,53.333333333333336,44.109276536621906,-93.7590913472315,181.97764442047531,sarimax_weather
13,2016-05-25 23:00:00,6,53.333333333333336,42.46268725237917,-96.27637917553989,181.20175368029822,sarimax_weather
13,2016-05-26 00:00:00,7,53.333333333333336,42.49394898110495,-96.63240374652838,181.62030170873828,sarimax_weather
13,2016-05-26 01:00:00,8,55.0,42.849849503863766,-96.43508784032304,182.13478684805057,sarimax_weather
13,2016-05-26 02:00:00,9,50.0,42.1974948736148,-97.15337841492436,181.54836816215396,sarimax_weather
13,2016-05-26 03:00:00,10,56.666666666666664,41.442191493881296,-97.93604448696163,180.82042747472423,sarimax_weather
13,2016-05-26 04:00:00,11,50.0,42.318730235149815,-97.07086769596009,181.70832816625972,sarimax_weather
13,2016-05-26 05:00:00,12,56.666666666666664,50.2161352697143,-89.17818061141372,189.61045115084232,sarimax_weather
13,2016-05-26 06:00:00,13,61.666666666666664,55.00147158880725,-84.39480346753052,194.39774664514502,sarimax_weather
13,2016-05-26 07:00:00,14,100.0,78.22609736624918,-61.17099126676476,217.62318599926311,sarimax_weather
13,2016-05-26 08:00:00,15,156.66666666666666,97.6526576486483,-41.74476883626443,237.05008413356103,sarimax_weather
13,2016-05-26 09:00:00,16,276.6666666666667,88.59554852593521,-50.80201825820012,227.99311531007055,sarimax_weather
13,2016-05-26 10:00:00,17,265.0,106.12197035773704,-33.27565468829309,245.51959540376717,sarimax_weather
13,2016-05-26 11:00:00,18,243.33333333333337,114.64160429509747,-24.75604494529142,254.03925353548635,sarimax_weather
13,2016-05-26 12:00:00,19,221.66666666666663,98.50609643710845,-40.89156285044723,237.90375572466414,sarimax_weather
13,2016-05-26 13:00:00,20,75.0,99.68024138005956,-39.71742207977417,239.07790483989328,sarimax_weather
13,2016-05-26 14:00:00,21,68.33333333333333,92.57923562022802,-46.81842957222014,231.97690081267618,sarimax_weather
13,2016-05-26 15:00:00,22,61.666666666666664,92.90159208700152,-46.496073824913765,232.2992579989168,sarimax_weather
13,2016-05-26 16:00:00,23,495.0,110.1771952725353,-29.220470938163572,249.57486148323417,sarimax_weather
13,2016-05-26 17:00:00,24,440.0,174.90190550087493,35.50423916812272,314.29957183362717,sarimax_weather
14,2016-05-26 18:00:00,1,215.0,323.46091843489273,204.08933519904053,442.83250167074493,sarimax_weather
14,2016-05-26 19:00:00,2,223.33333333333337,236.51751760389868,109.5655574623455,363.46947774545185,sarimax_weather
14,2016-05-26 20:00:00,3,91.66666666666669,195.41258309996357,61.56670794392559,329.2584582560015,sarimax_weather
14,2016-05-26 21:00:00,4,76.66666666666667,139.9836719918456,3.414126753476978,276.5532172302142,sarimax_weather
14,2016-05-26 22:00:00,5,70.0,103.34344043375563,-34.52492571049385,241.2118065780051,sarimax_weather
14,2016-05-26 23:00:00,6,65.0,85.3251170009978,-53.41394767781131,224.06418167980692,sarimax_weather
14,2016-05-27 00:00:00,7,60.0,84.55760246480236,-54.56874861337306,223.68395354297778,sarimax_weather
14,2016-05-27 01:00:00,8,58.333333333333336,77.94855589120908,-61.33637983053313,217.2334916129513,sarimax_weather
14,2016-05-27 02:00:00,9,50.0,72.65687930951447,-66.69399236870245,212.00775098773138,sarimax_weather
14,2016-05-27 03:00:00,10,58.333333333333336,68.7088233825271,-70.66941099296307,208.08705775801727,sarimax_weather
14,2016-05-27 04:00:00,11,58.333333333333336,67.01374555018373,-72.37585077764209,206.40334187800954,sarimax_weather
14,2016-05-27 05:00:00,12,58.333333333333336,73.80416118975461,-65.59015308894905,213.19847546845827,sarimax_weather
14,2016-05-27 06:00:00,13,63.333333333333336,78.34182646555973,-61.054446988710964,217.73809991983043,sarimax_weather
14,2016-05-27 07:00:00,14,111.66666666666669,101.5642223917203,-37.83286463937495,240.96130942281556,sarimax_weather
14,2016-05-27 08:00:00,15,130.0,123.03422611182788,-16.363198771227843,262.4316509948836,sarimax_weather
14,2016-05-27 09:00:00,16,251.66666666666663,118.7498860699232,-20.64767911238073,258.14745125222714,sarimax_weather
14,2016-05-27 10:00:00,17,251.66666666666663,132.33623508928224,-7.061388354927061,271.73385853349157,sarimax_weather
14,2016-05-27 11:00:00,18,310.0,138.90469479933535,-0.4929528392371765,278.3023424379079,sarimax_weather
14,2016-05-27 12:00:00,19,185.0,122.88107037857304,-16.51658730716835,262.27872806431446,sarimax_weather
14,2016-05-27 13:00:00,20,265.0,118.57591820630142,-20.82174365171889,257.9735800643217,sarimax_weather
14,2016-05-27 14:00:00,21,101.66666666666669,111.69499197390923,-27.702671616726235,251.09265556454469,sarimax_weather
14,2016-05-27 15:00:00,22,76.66666666666667,111.20952938722672,-28.188134922879243,250.6071936973327,sarimax_weather
14,2016-05-27 16:00:00,23,135.0,149.32469629468392,9.92703168579402,288.7223609035738,sarimax_weather
14,2016-05-27 17:00:00,24,180.0,209.85117223128304,70.45350750015697,349.2488369624091,sarimax_weather
