origin_id,timestamp,step,actual,prediction,model
1,2016-05-13 18:00:00,1,348.3333333333333,97.37667908341801,mean
1,2016-05-13 19:00:00,2,208.33333333333337,97.37667908341801,mean
1,2016-05-13 20:00:00,3,120.0,97.37667908341801,mean
1,2016-05-13 21:00:00,4,63.333333333333336,97.37667908341801,mean
1,2016-05-13 22:00:00,5,55.0,97.37667908341801,mean
1,2016-05-13 23:00:00,6,61.666666666666664,97.37667908341801,mean
1,2016-05-14 00:00:00,7,58.333333333333336,97.37667908341801,mean
1,2016-05-14 01:00:00,8,63.333333333333336,97.37667908341801,mean
1,2016-05-14 02:00:00,9,60.0,97.37667908341801,mean
1,2016-05-14 03:00:00,10,60.0,97.37667908341801,mean
1,2016-05-14 04:00:00,11,60.0,97.37667908341801,mean
1,2016-05-14 05:00:00,12,56.666666666666664,97.37667908341801,mean
1,2016-05-14 06:00:00,13,63.333333333333336,97.37667908341801,mean
1,2016-05-14 07:00:00,14,113.33333333333331,97.37667908341801,mean
1,2016-05-14 08:00:00,15,133.33333333333334,97.37667908341801,mean
1,2016-05-14 09:00:00,16,118.33333333333331,97.37667908341801,mean
1,2016-05-14 10:00:00,17,158.33333333333334,97.37667908341801,mean
1,2016-05-14 11:00:00,18,96.66666666666669,97.37667908341801,mean
1,2016-05-14 12:00:00,19,116.66666666666669,97.37667908341801,mean
1,2016-05-14 13:00:00,20,113.33333333333331,97.37667908341801,mean
1,2016-05-14 14:00:00,21,106.66666666666669,97.37667908341801,mean
1,2016-05-14 15:00:00,22,130.0,97.37667908341801,mean
1,2016-05-14 16:00:00,23,111.66666666666669,97.37667908341801,mean
1,2016-05-14 17:00:00,24,241.66666666666663,97.37667908341801,mean
2,2016-05-14 18:00:00,1,166.66666666666666,97.50475870563206,mean
2,2016-05-14 19:00:00,2,90.0,97.50475870563206,mean
2,2016-05-14 20:00:00,3,86.66666666666667,97.50475870563206,mean
2,2016-05-14 21:00:00,4,75.0,97.50475870563206,mean
2,2016-05-14 22:00:00,5,61.666666666666664,97.50475870563206,mean
2,2016-05-14 23:00:00,6,48.333333333333336,97.50475870563206,mean
2,2016-05-15 00:00:00,7,53.333333333333336,97.50475870563206,mean
2,2016-05-15 01:00:00,8,55.0,97.50475870563206,mean
2,2016-05-15 02:00:00,9,51.666666666666664,97.50475870563206,mean
2,2016-05-15 03:00:00,10,40.0,97.50475870563206,mean
2,2016-05-15 04:00:00,11,51.666666666666664,97.50475870563206,mean
2,2016-05-15 05:00:00,12,56.666666666666664,97.50475870563206,mean
2,2016-05-15 06:00:00,13,51.666666666666664,97.50475870563206,mean
2,2016-05-15 07:00:00,14,93.33333333333331,97.50475870563206,mean
2,2016-05-15 08:00:00,15,118.33333333333331,97.50475870563206,mean
2,2016-05-15 09:00:00,16,101.66666666666669,97.50475870563206,mean
2,2016-05-15 10:00:00,17,108.33333333333331,97.50475870563206,mean
2,2016-05-15 11:00:00,18,105.0,97.50475870563206,mean
2,2016-05-15 12:00:00,19,96.66666666666669,97.50475870563206,mean
2,2016-05-15 13:00:00,20,136.66666666666666,97.50475870563206,mean
2,2016-05-15 14:00:00,21,88.33333333333333,97.50475870563206,mean
2,2016-05-15 15:00:00,22,93.33333333333331,97.50475870563206,mean
2,2016-05-15 16:00:00,23,143.33333333333334,97.50475870563206,mean
2,2016-05-15 17:00:00,24,236.66666666666663,97.50475870563206,mean
3,2016-05-15 18:00:00,1,98.33333333333331,97.46140175497055,mean
3,2016-05-15 19:00:00,2,96.66666666666669,97.46140175497055,mean
3,2016-05-15 20:00:00,3,246.66666666666663,97.46140175497055,mean
3,2016-05-15 21:00:00,4,203.33333333333337,97.46140175497055,mean
3,2016-05-15 22:00:00,5,86.66666666666667,97.46140175497055,mean
3,2016-05-15 23:00:00,6,83.33333333333333,97.46140175497055,mean
3,2016-05-16 00:00:00,7,61.666666666666664,97.46140175497055,mean
3,2016-05-16 01:00:00,8,53.333333333333336,97.46140175497055,mean
3,2016-05-16 02:00:00,9,56.666666666666664,97.46140175497055,mean
3,2016-05-16 03:00:00,10,53.333333333333336,97.46140175497055,mean
3,2016-05-16 04:00:00,11,55.0,97.46140175497055,mean
3,2016-05-16 05:00:00,12,51.666666666666664,97.46140175497055,mean
3,2016-05-16 06:00:00,13,53.333333333333336,97.46140175497055,mean
3,2016-05-16 07:00:00,14,61.666666666666664,97.46140175497055,mean
3,2016-05-16 08:00:00,15,88.33333333333333,97.46140175497055,mean
3,2016-05-16 09:00:00,16,70.0,97.46140175497055,mean
3,2016-05-16 10:00:00,17,148.33333333333334,97.46140175497055,mean
3,2016-05-16 11:00:00,18,103.33333333333331,97.46140175497055,mean
3,2016-05-16 12:00:00,19,206.66666666666663,97.46140175497055,mean
3,2016-05-16 13:00:00,20,266.6666666666667,97.46140175497055,mean
3,2016-05-16 14:00:00,21,88.33333333333333,97.46140175497055,mean
3,2016-05-16 15:00:00,22,111.66666666666669,97.46140175497055,mean
3,2016-05-16 16:00:00,23,88.33333333333333,97.46140175497055,mean
3,2016-05-16 17:00:00,24,243.33333333333337,97.46140175497055,mean
4,2016-05-16 18:00:00,1,155.0,97.57300275482095,mean
4,2016-05-16 19:00:00,2,115.0,97.57300275482095,mean
4,2016-05-16 20:00:00,3,96.66666666666669,97.57300275482095,mean
4,2016-05-16 21:00:00,4,68.33333333333333,97.57300275482095,mean
4,2016-05-16 22:00:00,5,46.666666666666664,97.57300275482095,mean
4,2016-05-16 23:00:00,6,60.0,97.57300275482095,mean
4,2016-05-17 00:00:00,7,50.0,97.57300275482095,mean
4,2016-05-17 01:00:00,8,55.0,97.57300275482095,mean
4,2016-05-17 02:00:00,9,51.666666666666664,97.57300275482095,mean
4,2016-05-17 03:00:00,10,53.333333333333336,97.57300275482095,mean
4,2016-05-17 04:00:00,11,53.333333333333336,97.57300275482095,mean
4,2016-05-17 05:00:00,12,58.333333333333336,97.57300275482095,mean
4,2016-05-17 06:00:00,13,56.666666666666664,97.57300275482095,mean
4,2016-05-17 07:00:00,14,65.0,97.57300275482095,mean
4,2016-05-17 08:00:00,15,56.666666666666664,97.57300275482095,mean
4,2016-05-17 09:00:00,16,51.666666666666664,97.57300275482095,mean
4,2016-05-17 10:00:00,17,53.333333333333336,97.57300275482095,mean
4,2016-05-17 11:00:00,18,51.666666666666664,97.57300275482095,mean
4,2016-05-17 12:00:00,19,53.333333333333336,97.57300275482095,mean
4,2016-05-17 13:00:00,20,41.666666666666664,97.57300275482095,mean
4,2016-05-17 14:00:00,21,53.333333333333336,97.57300275482095,mean
4,2016-05-17 15:00:00,22,51.666666666666664,97.57300275482095,mean
4,2016-05-17 16:00:00,23,66.66666666666667,97.57300275482095,mean
4,2016-05-17 17:00:00,24,153.33333333333334,97.57300275482095,mean
5,2016-05-17 18:00:00,1,100.0,97.33573849349514,mean
5,2016-05-17 19:00:00,2,123.33333333333331,97.33573849349514,mean
5,2016-05-17 20:00:00,3,118.33333333333331,97.33573849349514,mean
5,2016-05-17 21:00:00,4,65.0,97.33573849349514,mean
5,2016-05-17 22:00:00,5,46.666666666666664,97.33573849349514,mean
5,2016-05-17 23:00:00,6,55.0,97.33573849349514,mean
5,2016-05-18 00:00:00,7,51.666666666666664,97.33573849349514,mean
5,2016-05-18 01:00:00,8,53.333333333333336,97.33573849349514,mean
5,2016-05-18 02:00:00,9,55.0,97.33573849349514,mean
5,2016-05-18 03:00:00,10,51.666666666666664,97.33573849349514,mean
5,2016-05-18 04:00:00,11,51.666666666666664,97.33573849349514,mean
5,2016-05-18 05:00:00,12,65.0,97.33573849349514,mean
5,2016-05-18 06:00:00,13,70.0,97.33573849349514,mean
5,2016-05-18 07:00:00,14,53.333333333333336,97.33573849349514,mean
5,2016-05-18 08:00:00,15,61.666666666666664,97.33573849349514,mean
5,2016-05-18 09:00:00,16,65.0,97.33573849349514,mean
5,2016-05-18 10:00:00,17,58.333333333333336,97.33573849349514,mean
5,2016-05-18 11:00:00,18,70.0,97.33573849349514,mean
5,2016-05-18 12:00:00,19,56.666666666666664,97.33573849349514,mean
5,2016-05-18 13:00:00,20,86.66666666666667,97.33573849349514,mean
5,2016-05-18 14:00:00,21,81.66666666666667,97.33573849349514,mean
5,2016-05-18 15:00:00,22,83.33333333333333,97.33573849349514,mean
5,2016-05-18 16:00:00,23,105.0,97.33573849349514,mean
5,2016-05-18 17:00:00,24,118.33333333333331,97.33573849349514,mean
6,2016-05-18 18:00:00,1,178.33333333333334,97.14394185920384,mean
6,2016-05-18 19:00:00,2,143.33333333333334,97.14394185920384,mean
6,2016-05-18 20:00:00,3,223.33333333333337,97.14394185920384,mean
6,2016-05-18 21:00:00,4,81.66666666666667,97.14394185920384,mean
6,2016-05-18 22:00:00,5,51.666666666666664,97.14394185920384,mean
6,2016-05-18 23:00:00,6,56.666666666666664,97.14394185920384,mean
6,2016-05-19 00:00:00,7,51.666666666666664,97.14394185920384,mean
6,2016-05-19 01:00:00,8,51.666666666666664,97.14394185920384,mean
6,2016-05-19 02:00:00,9,50.0,97.14394185920384,mean
6,2016-05-19 03:00:00,10,51.666666666666664,97.14394185920384,mean
6,2016-05-19 04:00:00,11,56.666666666666664,97.14394185920384,mean
6,2016-05-19 05:00:00,12,55.0,97.14394185920384,mean
6,2016-05-19 06:00:00,13,58.333333333333336,97.14394185920384,mean
6,2016-05-19 07:00:00,14,50.0,97.14394185920384,mean
6,2016-05-19 08:00:00,15,53.333333333333336,97.14394185920384,mean
6,2016-05-19 09:00:00,16,36.666666666666664,97.14394185920384,mean
6,2016-05-19 10:00:00,17,55.0,97.14394185920384,mean
6,2016-05-19 11:00:00,18,51.666666666666664,97.14394185920384,mean
6,2016-05-19 12:00:00,19,55.0,97.14394185920384,mean
6,2016-05-19 13:00:00,20,50.0,97.14394185920384,mean
6,2016-05-19 14:00:00,21,63.333333333333336,97.14394185920384,mean
6,2016-05-19 15:00:00,22,81.66666666666667,97.14394185920384,mean
6,2016-05-19 16:00:00,23,90.0,97.14394185920384,mean
6,2016-05-19 17:00:00,24,208.33333333333337,97.14394185920384,mean
7,2016-05-19 18:00:00,1,120.0,97.00624260036595,mean
7,2016-05-19 19:00:00,2,98.33333333333331,97.00624260036595,mean
7,2016-05-19 20:00:00,3,118.33333333333331,97.00624260036595,mean
7,2016-05-19 21:00:00,4,66.66666666666667,97.00624260036595,mean
7,2016-05-19 22:00:00,5,50.0,97.00624260036595,mean
7,2016-05-19 23:00:00,6,56.666666666666664,97.00624260036595,mean
7,2016-05-20 00:00:00,7,51.666666666666664,97.00624260036595,mean
7,2016-05-20 01:00:00,8,51.666666666666664,97.00624260036595,mean
7,2016-05-20 02:00:00,9,36.666666666666664,97.00624260036595,mean
7,2016-05-20 03:00:00,10,58.333333333333336,97.00624260036595,mean
7,2016-05-20 04:00:00,11,51.666666666666664,97.00624260036595,mean
7,2016-05-20 05:00:00,12,61.666666666666664,97.00624260036595,mean
7,2016-05-20 06:00:00,13,66.66666666666667,97.00624260036595,mean
7,2016-05-20 07:00:00,14,80.0,97.00624260036595,mean
7,2016-05-20 08:00:00,15,126.66666666666669,97.00624260036595,mean
7,2016-05-20 09:00:00,16,73.33333333333333,97.00624260036595,mean
7,2016-05-20 10:00:00,17,81.66666666666667,97.00624260036595,mean
7,2016-05-20 11:00:00,18,73.33333333333333,97.00624260036595,mean
7,2016-05-20 12:00:00,19,71.66666666666667,97.00624260036595,mean
7,2016-05-20 13:00:00,20,61.666666666666664,97.00624260036595,mean
7,2016-05-20 14:00:00,21,60.0,97.00624260036595,mean
7,2016-05-20 15:00:00,22,46.666666666666664,97.00624260036595,mean
7,2016-05-20 16:00:00,23,48.333333333333336,97.00624260036595,mean
7,2016-05-20 17:00:00,24,75.0,97.00624260036595,mean
8,2016-05-20 18:00:00,1,78.33333333333333,96.80070490227492,mean
8,2016-05-20 19:00:00,2,65.0,96.80070490227492,mean
8,2016-05-20 20:00:00,3,70.0,96.80070490227492,mean
8,2016-05-20 21:00:00,4,65.0,96.80070490227492,mean
8,2016-05-20 22:00:00,5,53.333333333333336,96.80070490227492,mean
8,2016-05-20 23:00:00,6,45.0,96.80070490227492,mean
8,2016-05-21 00:00:00,7,48.333333333333336,96.80070490227492,mean
8,2016-05-21 01:00:00,8,51.666666666666664,96.80070490227492,mean
8,2016-05-21 02:00:00,9,56.666666666666664,96.80070490227492,mean
8,2016-05-21 03:00:00,10,48.333333333333336,96.80070490227492,mean
8,2016-05-21 04:00:00,11,56.666666666666664,96.80070490227492,mean
8,2016-05-21 05:00:00,12,51.666666666666664,96.80070490227492,mean
8,2016-05-21 06:00:00,13,60.0,96.80070490227492,mean
8,2016-05-21 07:00:00,14,56.666666666666664,96.80070490227492,mean
8,2016-05-21 08:00:00,15,208.33333333333337,96.80070490227492,mean
8,2016-05-21 09:00:00,16,310.0,96.80070490227492,mean
8,2016-05-21 10:00:00,17,383.3333333333333,96.80070490227492,mean
8,2016-05-21 11:00:00,18,431.6666666666667,96.80070490227492,mean
8,2016-05-21 12:00:00,19,228.33333333333337,96.80070490227492,mean
8,2016-05-21 13:00:00,20,343.3333333333333,96.80070490227492,mean
8,2016-05-21 14:00:00,21,303.3333333333333,96.80070490227492,mean
8,2016-05-21 15:00:00,22,361.6666666666667,96.80070490227492,mean
8,2016-05-21 16:00:00,23,100.0,96.80070490227492,mean
8,2016-05-21 17:00:00,24,95.0,96.80070490227492,mean
9,2016-05-21 18:00:00,1,125.0,97.1976682564918,mean
9,2016-05-21 19:00:00,2,108.33333333333331,97.1976682564918,mean
9,2016-05-21 20:00:00,3,95.0,97.1976682564918,mean
9,2016-05-21 21:00:00,4,135.0,97.1976682564918,mean
9,2016-05-21 22:00:00,5,73.33333333333333,97.1976682564918,mean
9,2016-05-21 23:00:00,6,148.33333333333334,97.1976682564918,mean
9,2016-05-22 00:00:00,7,60.0,97.1976682564918,mean
9,2016-05-22 01:00:00,8,56.666666666666664,97.1976682564918,mean
9,2016-05-22 02:00:00,9,51.666666666666664,97.1976682564918,mean
9,2016-05-22 03:00:00,10,53.333333333333336,97.1976682564918,mean
9,2016-05-22 04:00:00,11,55.0,97.1976682564918,mean
9,2016-05-22 05:00:00,12,50.0,97.1976682564918,mean
9,2016-05-22 06:00:00,13,58.333333333333336,97.1976682564918,mean
9,2016-05-22 07:00:00,14,63.333333333333336,97.1976682564918,mean
9,2016-05-22 08:00:00,15,190.0,97.1976682564918,mean
9,2016-05-22 09:00:00,16,113.33333333333331,97.1976682564918,mean
9,2016-05-22 10:00:00,17,201.66666666666663,97.1976682564918,mean
9,2016-05-22 11:00:00,18,343.3333333333333,97.1976682564918,mean
9,2016-05-22 12:00:00,19,126.66666666666669,97.1976682564918,mean
9,2016-05-22 13:00:00,20,103.33333333333331,97.1976682564918,mean
9,2016-05-22 14:00:00,21,106.66666666666669,97.1976682564918,mean
9,2016-05-22 15:00:00,22,96.66666666666669,97.1976682564918,mean
9,2016-05-22 16:00:00,23,88.33333333333333,97.1976682564918,mean
9,2016-05-22 17:00:00,24,265.0,97.1976682564918,mean
10,2016-05-22 18:00:00,1,120.0,97.33512148942884,mean
10,2016-05-22 19:00:00,2,96.66666666666669,97.33512148942884,mean
10,2016-05-22 20:00:00,3,116.66666666666669,97.33512148942884,mean
10,2016-05-22 21:00:00,4,88.33333333333333,97.33512148942884,mean
10,2016-05-22 22:00:00,5,78.33333333333333,97.33512148942884,mean
10,2016-05-22 23:00:00,6,60.0,97.33512148942884,mean
10,2016-05-23 00:00:00,7,58.333333333333336,97.33512148942884,mean
10,2016-05-23 01:00:00,8,51.666666666666664,97.33512148942884,mean
10,2016-05-23 02:00:00,9,58.333333333333336,97.33512148942884,mean
10,2016-05-23 03:00:00,10,51.666666666666664,97.33512148942884,mean
10,2016-05-23 04:00:00,11,50.0,97.33512148942884,mean
10,2016-05-23 05:00:00,12,66.66666666666667,97.33512148942884,mean
10,2016-05-23 06:00:00,13,60.0,97.33512148942884,mean
10,2016-05-23 07:00:00,14,56.666666666666664,97.33512148942884,mean
10,2016-05-23 08:00:00,15,51.666666666666664,97.33512148942884,mean
10,2016-05-23 09:00:00,16,55.0,97.33512148942884,mean
10,2016-05-23 10:00:00,17,51.666666666666664,97.33512148942884,mean
10,2016-05-23 11:00:00,18,56.666666666666664,97.33512148942884,mean
10,2016-05-23 12:00:00,19,61.666666666666664,97.33512148942884,mean
10,2016-05-23 13:00:00,20,56.666666666666664,97.33512148942884,mean
10,2016-05-23 14:00:00,21,58.333333333333336,97.33512148942884,mean
10,2016-05-23 15:00:00,22,73.33333333333333,97.33512148942884,mean
10,2016-05-23 16:00:00,23,156.66666666666666,97.33512148942884,mean
10,2016-05-23 17:00:00,24,380.0,97.33512148942884,mean
11,2016-05-23 18:00:00,1,123.33333333333331,97.23457563419981,mean
11,2016-05-23 19:00:00,2,120.0,97.23457563419981,mean
11,2016-05-23 20:00:00,3,105.0,97.23457563419981,mean
11,2016-05-23 21:00:00,4,68.33333333333333,97.23457563419981,mean
11,2016-05-23 22:00:00,5,63.333333333333336,97.23457563419981,mean
11,2016-05-23 23:00:00,6,58.333333333333336,97.23457563419981,mean
11,2016-05-24 00:00:00,7,50.0,97.23457563419981,mean
11,2016-05-24 01:00:00,8,56.666666666666664,97.23457563419981,mean
11,2016-05-24 02:00:00,9,55.0,97.23457563419981,mean
11,2016-05-24 03:00:00,10,53.333333333333336,97.23457563419981,mean
11,2016-05-24 04:00:00,11,53.333333333333336,97.23457563419981,mean
11,2016-05-24 05:00:00,12,106.66666666666669,97.23457563419981,mean
11,2016-05-24 06:00:00,13,71.66666666666667,97.23457563419981,mean
11,2016-05-24 07:00:00,14,161.66666666666666,97.23457563419981,mean
11,2016-05-24 08:00:00,15,56.666666666666664,97.23457563419981,mean
11,2016-05-24 09:00:00,16,38.333333333333336,97.23457563419981,mean
11,2016-05-24 10:00:00,17,66.66666666666667,97.23457563419981,mean
11,2016-05-24 11:00:00,18,101.66666666666669,97.23457563419981,mean
11,2016-05-24 12:00:00,19,128.33333333333334,97.23457563419981,mean
11,2016-05-24 13:00:00,20,118.33333333333331,97.23457563419981,mean
11,2016-05-24 14:00:00,21,150.0,97.23457563419981,mean
11,2016-05-24 15:00:00,22,141.66666666666666,97.23457563419981,mean
11,2016-05-24 16:00:00,23,141.66666666666666,97.23457563419981,mean
11,2016-05-24 17:00:00,24,203.33333333333337,97.23457563419981,mean
12,2016-05-24 18:00:00,1,136.66666666666666,97.22204952854626,mean
12,2016-05-24 19:00:00,2,123.33333333333331,97.22204952854626,mean
12,2016-05-24 20:00:00,3,96.66666666666669,97.22204952854626,mean
12,2016-05-24 21:00:00,4,76.66666666666667,97.22204952854626,mean
12,2016-05-24 22:00:00,5,61.666666666666664,97.22204952854626,mean
12,2016-05-24 23:00:00,6,58.333333333333336,97.22204952854626,mean
12,2016-05-25 00:00:00,7,53.333333333333336,97.22204952854626,mean
12,2016-05-25 01:00:00,8,53.333333333333336,97.22204952854626,mean
12,2016-05-25 02:00:00,9,56.666666666666664,97.22204952854626,mean
12,2016-05-25 03:00:00,10,48.333333333333336,97.22204952854626,mean
12,2016-05-25 04:00:00,11,55.0,97.22204952854626,mean
12,2016-05-25 05:00:00,12,55.0,97.22204952854626,mean
12,2016-05-25 06:00:00,13,55.0,97.22204952854626,mean
12,2016-05-25 07:00:00,14,65.0,97.22204952854626,mean
12,2016-05-25 08:00:00,15,83.33333333333333,97.22204952854626,mean
12,2016-05-25 09:00:00,16,90.0,97.22204952854626,mean
12,2016-05-25 10:00:00,17,78.33333333333333,97.22204952854626,mean
12,2016-05-25 11:00:00,18,50.0,97.22204952854626,mean
12,2016-05-25 12:00:00,19,60.0,97.22204952854626,mean
12,2016-05-25 13:00:00,20,71.66666666666667,97.22204952854626,mean
12,2016-05-25 14:00:00,21,80.0,97.22204952854626,mean
12,2016-05-25 15:00:00,22,80.0,97.22204952854626,mean
12,2016-05-25 16:00:00,23,231.66666666666663,97.22204952854626,mean
12,2016-05-25 17:00:00,24,118.33333333333331,97.22204952854626,mean
13,2016-05-25 18:00:00,1,156.66666666666666,97.10017484315539,mean
13,2016-05-25 19:00:00,2,118.33333333333331,97.10017484315539,mean
13,2016-05-25 20:00:00,3,190.0,97.10017484315539,mean
13,2016-05-25 21:00:00,4,56.666666666666664,97.10017484315539,mean
13,2016-05-25 22:00:00,5,53.333333333333336,97.10017484315539,mean
13,2016-05-25 23:00:00,6,53.333333333333336,97.10017484315539,mean
13,2016-05-26 00:00:00,7,53.333333333333336,97.10017484315539,mean
13,2016-05-26 01:00:00,8,55.0,97.10017484315539,mean
13,2016-05-26 02:00:00,9,50.0,97.10017484315539,mean
13,2016-05-26 03:00:00,10,56.666666666666664,97.10017484315539,mean
13,2016-05-26 04:00:00,11,50.0,97.10017484315539,mean
13,2016-05-26 05:00:00,12,56.666666666666664,97.10017484315539,mean
13,2016-05-26 06:00:00,13,61.666666666666664,97.10017484315539,mean
13,2016-05-26 07:00:00,14,100.0,97.10017484315539,mean
13,2016-05-26 08:00:00,15,156.66666666666666,97.10017484315539,mean
13,2016-05-26 09:00:00,16,276.6666666666667,97.10017484315539,mean
13,2016-05-26 10:00:00,17,265.0,97.10017484315539,mean
13,2016-05-26 11:00:00,18,243.33333333333337,97.10017484315539,mean
13,2016-05-26 12:00:00,19,221.66666666666663,97.10017484315539,mean
13,2016-05-26 13:00:00,20,75.0,97.10017484315539,mean
13,2016-05-26 14:00:00,21,68.33333333333333,97.10017484315539,mean
13,2016-05-26 15:00:00,22,61.666666666666664,97.10017484315539,mean
13,2016-05-26 16:00:00,23,495.0,97.10017484315539,mean
13,2016-05-26 17:00:00,24,440.0,97.10017484315539,mean
14,2016-05-26 18:00:00,1,215.0,97.43236345074016,mean
14,2016-05-26 19:00:00,2,223.33333333333337,97.43236345074016,mean
14,2016-05-26 20:00:00,3,91.66666666666669,97.43236345074016,mean
14,2016-05-26 21:00:00,4,76.66666666666667,97.43236345074016,mean
14,2016-05-26 22:00:00,5,70.0,97.43236345074016,mean
14,2016-05-26 23:00:00,6,65.0,97.43236345074016,mean
14,2016-05-27 00:00:00,7,60.0,97.43236345074016,mean
14,2016-05-27 01:00:00,8,58.333333333333336,97.43236345074016,mean
14,2016-05-27 02:00:00,9,50.0,97.43236345074016,mean
14,2016-05-27 03:00:00,10,58.333333333333336,97.43236345074016,mean
14,2016-05-27 04:00:00,11,58.333333333333336,97.43236345074016,mean
14,2016-05-27 05:00:00,12,58.333333333333336,97.43236345074016,mean
14,2016-05-27 06:00:00,13,63.333333333333336,97.43236345074016,mean
14,2016-05-27 07:00:00,14,111.66666666666669,97.43236345074016,mean
14,2016-05-27 08:00:00,15,130.0,97.43236345074016,mean
14,2016-05-27 09:00:00,16,251.66666666666663,97.43236345074016,mean
14,2016-05-27 10:00:00,17,251.66666666666663,97.43236345074016,mean
14,2016-05-27 11:00:00,18,310.0,97.43236345074016,mean
14,2016-05-27 12:00:00,19,185.0,97.43236345074016,mean
14,2016-05-27 13:00:00,20,265.0,97.43236345074016,mean
14,2016-05-27 14:00:00,21,101.66666666666669,97.43236345074016,mean
14,2016-05-27 15:00:00,22,76.66666666666667,97.43236345074016,mean
14,2016-05-27 16:00:00,23,135.0,97.43236345074016,mean
14,2016-05-27 17:00:00,24,180.0,97.43236345074016,mean
1,2016-05-13 18:00:00,1,348.3333333333333,231.66666666666663,naive
1,2016-05-13 19:00:00,2,208.33333333333337,231.66666666666663,naive
1,2016-05-13 20:00:00,3,120.0,231.66666666666663,naive
1,2016-05-13 21:00:00,4,63.333333333333336,231.66666666666663,naive
1,2016-05-13 22:00:00,5,55.0,231.66666666666663,naive
1,2016-05-13 23:00:00,6,61.666666666666664,231.66666666666663,naive
1,2016-05-14 00:00:00,7,58.333333333333336,231.66666666666663,naive
1,2016-05-14 01:00:00,8,63.333333333333336,231.66666666666663,naive
1,2016-05-14 02:00:00,9,60.0,231.66666666666663,naive
1,2016-05-14 03:00:00,10,60.0,231.66666666666663,naive
1,2016-05-14 04:00:00,11,60.0,231.66666666666663,naive
1,2016-05-14 05:00:00,12,56.666666666666664,231.66666666666663,naive
1,2016-05-14 06:00:00,13,63.333333333333336,231.66666666666663,naive
1,2016-05-14 07:00:00,14,113.33333333333331,231.66666666666663,naive
1,2016-05-14 08:00:00,15,133.33333333333334,231.66666666666663,naive
1,2016-05-14 09:00:00,16,118.33333333333331,231.66666666666663,naive
1,2016-05-14 10:00:00,17,158.33333333333334,231.66666666666663,naive
1,2016-05-14 11:00:00,18,96.66666666666669,231.66666666666663,naive
1,2016-05-14 12:00:00,19,116.66666666666669,231.66666666666663,naive
1,2016-05-14 13:00:00,20,113.33333333333331,231.66666666666663,naive
1,2016-05-14 14:00:00,21,106.66666666666669,231.66666666666663,naive
1,2016-05-14 15:00:00,22,130.0,231.66666666666663,naive
1,2016-05-14 16:00:00,23,111.66666666666669,231.66666666666663,naive
1,2016-05-14 17:00:00,24,241.66666666666663,231.66666666666663,naive
2,2016-05-14 18:00:00,1,166.66666666666666,241.66666666666663,naive
2,2016-05-14 19:00:00,2,90.0,241.66666666666663,naive
2,2016-05-14 20:00:00,3,86.66666666666667,241.66666666666663,naive
2,2016-05-14 21:00:00,4,75.0,241.66666666666663,naive
2,2016-05-14 22:00:00,5,61.666666666666664,241.66666666666663,naive
2,2016-05-14 23:00:00,6,48.333333333333336,241.66666666666663,naive
2,2016-05-15 00:00:00,7,53.333333333333336,241.66666666666663,naive
2,2016-05-15 01:00:00,8,55.0,241.66666666666663,naive
2,2016-05-15 02:00:00,9,51.666666666666664,241.66666666666663,naive
2,2016-05-15 03:00:00,10,40.0,241.66666666666663,naive
2,2016-05-15 04:00:00,11,51.666666666666664,241.66666666666663,naive
2,2016-05-15 05:00:00,12,56.666666666666664,241.66666666666663,naive
2,2016-05-15 06:00:00,13,51.666666666666664,241.66666666666663,naive
2,2016-05-15 07:00:00,14,93.33333333333331,241.66666666666663,naive
2,2016-05-15 08:00:00,15,118.33333333333331,241.66666666666663,naive
2,2016-05-15 09:00:00,16,101.66666666666669,241.66666666666663,naive
2,2016-05-15 10:00:00,17,108.33333333333331,241.66666666666663,naive
2,2016-05-15 11:00:00,18,105.0,241.66666666666663,naive
2,2016-05-15 12:00:00,19,96.66666666666669,241.66666666666663,naive
2,2016-05-15 13:00:00,20,136.66666666666666,241.66666666666663,naive
2,2016-05-15 14:00:00,21,88.33333333333333,241.66666666666663,naive
2,2016-05-15 15:00:00,22,93.33333333333331,241.66666666666663,naive
2,2016-05-15 16:00:00,23,143.33333333333334,241.66666666666663,naive
2,2016-05-15 17:00:00,24,236.66666666666663,241.66666666666663,naive
3,2016-05-15 18:00:00,1,98.33333333333331,236.66666666666663,naive
3,2016-05-15 19:00:00,2,96.66666666666669,236.66666666666663,naive
3,2016-05-15 20:00:00,3,246.66666666666663,236.66666666666663,naive
3,2016-05-15 21:00:00,4,203.33333333333337,236.66666666666663,naive
3,2016-05-15 22:00:00,5,86.66666666666667,236.66666666666663,naive
3,2016-05-15 23:00:00,6,83.33333333333333,236.66666666666663,naive
3,2016-05-16 00:00:00,7,61.666666666666664,236.66666666666663,naive
3,2016-05-16 01:00:00,8,53.333333333333336,236.66666666666663,naive
3,2016-05-16 02:00:00,9,56.666666666666664,236.66666666666663,naive
3,2016-05-16 03:00:00,10,53.333333333333336,236.66666666666663,naive
3,2016-05-16 04:00:00,11,55.0,236.66666666666663,naive
3,2016-05-16 05:00:00,12,51.666666666666664,236.66666666666663,naive
3,2016-05-16 06:00:00,13,53.333333333333336,236.66666666666663,naive
3,2016-05-16 07:00:00,14,61.666666666666664,236.66666666666663,naive
3,2016-05-16 08:00:00,15,88.33333333333333,236.66666666666663,naive
3,2016-05-16 09:00:00,16,70.0,236.66666666666663,naive
3,2016-05-16 10:00:00,17,148.33333333333334,236.66666666666663,naive
3,2016-05-16 11:00:00,18,103.33333333333331,236.66666666666663,naive
3,2016-05-16 12:00:00,19,206.66666666666663,236.66666666666663,naive
3,2016-05-16 13:00:00,20,266.6666666666667,236.66666666666663,naive
3,2016-05-16 14:00:00,21,88.33333333333333,236.66666666666663,naive
3,2016-05-16 15:00:00,22,111.66666666666669,236.66666666666663,naive
3,2016-05-16 16:00:00,23,88.33333333333333,236.66666666666663,naive
3,2016-05-16 17:00:00,24,243.33333333333337,236.66666666666663,naive
4,2016-05-16 18:00:00,1,155.0,243.33333333333337,naive
4,2016-05-16 19:00:00,2,115.0,243.33333333333337,naive
4,2016-05-16 20:00:00,3,96.66666666666669,243.33333333333337,naive
4,2016-05-16 21:00:00,4,68.33333333333333,243.33333333333337,naive
4,2016-05-16 22:00:00,5,46.666666666666664,243.33333333333337,naive
4,2016-05-16 23:00:00,6,60.0,243.33333333333337,naive
4,2016-05-17 00:00:00,7,50.0,243.33333333333337,naive
4,2016-05-17 01:00:00,8,55.0,243.33333333333337,naive
4,2016-05-17 02:00:00,9,51.666666666666664,243.33333333333337,naive
4,2016-05-17 03:00:00,10,53.333333333333336,243.33333333333337,naive
4,2016-05-17 04:00:00,11,53.333333333333336,243.33333333333337,naive
4,2016-05-17 05:00:00,12,58.333333333333336,243.33333333333337,naive
4,2016-05-17 06:00:00,13,56.666666666666664,243.33333333333337,naive
4,2016-05-17 07:00:00,14,65.0,243.33333333333337,naive
4,2016-05-17 08:00:00,15,56.666666666666664,243.33333333333337,naive
4,2016-05-17 09:00:00,16,51.666666666666664,243.33333333333337,naive
4,2016-05-17 10:00:00,17,53.333333333333336,243.33333333333337,naive
4,2016-05-17 11:00:00,18,51.666666666666664,243.33333333333337,naive
4,2016-05-17 12:00:00,19,53.333333333333336,243.33333333333337,naive
4,2016-05-17 13:00:00,20,41.666666666666664,243.33333333333337,naive
4,2016-05-17 14:00:00,21,53.333333333333336,243.33333333333337,naive
4,2016-05-17 15:00:00,22,51.666666666666664,243.33333333333337,naive
4,2016-05-17 16:00:00,23,66.66666666666667,243.33333333333337,naive
4,2016-05-17 17:00:00,24,153.33333333333334,243.33333333333337,naive
5,2016-05-17 18:00:00,1,100.0,153.33333333333334,naive
5,2016-05-17 19:00:00,2,123.33333333333331,153.33333333333334,naive
5,2016-05-17 20:00:00,3,118.33333333333331,153.33333333333334,naive
5,2016-05-17 21:00:00,4,65.0,153.33333333333334,naive
5,2016-05-17 22:00:00,5,46.666666666666664,153.33333333333334,naive
5,2016-05-17 23:00:00,6,55.0,153.33333333333334,naive
5,2016-05-18 00:00:00,7,51.666666666666664,153.33333333333334,naive
5,2016-05-18 01:00:00,8,53.333333333333336,153.33333333333334,naive
5,2016-05-18 02:00:00,9,55.0,153.33333333333334,naive
5,2016-05-18 03:00:00,10,51.666666666666664,153.33333333333334,naive
5,2016-05-18 04:00:00,11,51.666666666666664,153.33333333333334,naive
5,2016-05-18 05:00:00,12,65.0,153.33333333333334,naive
5,2016-05-18 06:00:00,13,70.0,153.33333333333334,naive
5,2016-05-18 07:00:00,14,53.333333333333336,153.33333333333334,naive
5,2016-05-18 08:00:00,15,61.666666666666664,153.33333333333334,naive
5,2016-05-18 09:00:00,16,65.0,153.33333333333334,naive
5,2016-05-18 10:00:00,17,58.333333333333336,153.33333333333334,naive
5,2016-05-18 11:00:00,18,70.0,153.33333333333334,naive
5,2016-05-18 12:00:00,19,56.666666666666664,153.33333333333334,naive
5,2016-05-18 13:00:00,20,86.66666666666667,153.33333333333334,naive
5,2016-05-18 14:00:00,21,81.66666666666667,153.33333333333334,naive
5,2016-05-18 15:00:00,22,83.33333333333333,153.33333333333334,naive
5,2016-05-18 16:00:00,23,105.0,153.33333333333334,naive
5,2016-05-18 17:00:00,24,118.33333333333331,153.33333333333334,naive
6,2016-05-18 18:00:00,1,178.33333333333334,118.33333333333331,naive
6,2016-05-18 19:00:00,2,143.33333333333334,118.33333333333331,naive
6,2016-05-18 20:00:00,3,223.33333333333337,118.33333333333331,naive
6,2016-05-18 21:00:00,4,81.66666666666667,118.33333333333331,naive
6,2016-05-18 22:00:00,5,51.666666666666664,118.33333333333331,naive
6,2016-05-18 23:00:00,6,56.666666666666664,118.33333333333331,naive
6,2016-05-19 00:00:00,7,51.666666666666664,118.33333333333331,naive
6,2016-05-19 01:00:00,8,51.666666666666664,118.33333333333331,naive
6,2016-05-19 02:00:00,9,50.0,118.33333333333331,naive
6,2016-05-19 03:00:00,10,51.666666666666664,118.33333333333331,naive
6,2016-05-19 04:00:00,11,56.666666666666664,118.33333333333331,naive
6,2016-05-19 05:00:00,12,55.0,118.33333333333331,naive
6,2016-05-19 06:00:00,13,58.333333333333336,118.33333333333331,naive
6,2016-05-19 07:00:00,14,50.0,118.33333333333331,naive
6,2016-05-19 08:00:00,15,53.333333333333336,118.33333333333331,naive
6,2016-05-19 09:00:00,16,36.666666666666664,118.33333333333331,naive
6,2016-05-19 10:00:00,17,55.0,118.33333333333331,naive
6,2016-05-19 11:00:00,18,51.666666666666664,118.33333333333331,naive
6,2016-05-19 12:00:00,19,55.0,118.33333333333331,naive
6,2016-05-19 13:00:00,20,50.0,118.33333333333331,naive
6,2016-05-19 14:00:00,21,63.333333333333336,118.33333333333331,naive
6,2016-05-19 15:00:00,22,81.66666666666667,118.33333333333331,naive
6,2016-05-19 16:00:00,23,90.0,118.33333333333331,naive
6,2016-05-19 17:00:00,24,208.33333333333337,118.33333333333331,naive
7,2016-05-19 18:00:00,1,120.0,208.33333333333337,naive
7,2016-05-19 19:00:00,2,98.33333333333331,208.33333333333337,naive
7,2016-05-19 20:00:00,3,118.33333333333331,208.33333333333337,naive
7,2016-05-19 21:00:00,4,66.66666666666667,208.33333333333337,naive
7,2016-05-19 22:00:00,5,50.0,208.33333333333337,naive
7,2016-05-19 23:00:00,6,56.666666666666664,208.33333333333337,naive
7,2016-05-20 00:00:00,7,51.666666666666664,208.33333333333337,naive
7,2016-05-20 01:00:00,8,51.666666666666664,208.33333333333337,naive
7,2016-05-20 02:00:00,9,36.666666666666664,208.33333333333337,naive
7,2016-05-20 03:00:00,10,58.333333333333336,208.33333333333337,naive
7,2016-05-20 04:00:00,11,51.666666666666664,208.33333333333337,naive
7,2016-05-20 05:00:00,12,61.666666666666664,208.33333333333337,naive
7,2016-05-20 06:00:00,13,66.66666666666667,208.33333333333337,naive
7,2016-05-20 07:00:00,14,80.0,208.33333333333337,naive
7,2016-05-20 08:00:00,15,126.66666666666669,208.33333333333337,naive
7,2016-05-20 09:00:00,16,73.33333333333333,208.33333333333337,naive
7,2016-05-20 10:00:00,17,81.66666666666667,208.33333333333337,naive
7,2016-05-20 11:00:00,18,73.33333333333333,208.33333333333337,naive
7,2016-05-20 12:00:00,19,71.66666666666667,208.33333333333337,naive
7,2016-05-20 13:00:00,20,61.666666666666664,208.33333333333337,naive
7,2016-05-20 14:00:00,21,60.0,208.33333333333337,naive
7,2016-05-20 15:00:00,22,46.666666666666664,208.33333333333337,naive
7,2016-05-20 16:00:00,23,48.333333333333336,208.33333333333337,naive
7,2016-05-20 17:00:00,24,75.0,208.33333333333337,naive
8,2016-05-20 18:00:00,1,78.33333333333333,75.0,naive
8,2016-05-20 19:00:00,2,65.0,75.0,naive
8,2016-05-20 20:00:00,3,70.0,75.0,naive
8,2016-05-20 21:00:00,4,65.0,75.0,naive
8,2016-05-20 22:00:00,5,53.333333333333336,75.0,naive
8,2016-05-20 23:00:00,6,45.0,75.0,naive
8,2016-05-21 00:00:00,7,48.333333333333336,75.0,naive
8,2016-05-21 01:00:00,8,51.666666666666664,75.0,naive
8,2016-05-21 02:00:00,9,56.666666666666664,75.0,naive
8,2016-05-21 03:00:00,10,48.333333333333336,75.0,naive
8,2016-05-21 04:00:00,11,56.666666666666664,75.0,naive
8,2016-05-21 05:00:00,12,51.666666666666664,75.0,naive
8,2016-05-21 06:00:00,13,60.0,75.0,naive
8,2016-05-21 07:00:00,14,56.666666666666664,75.0,naive
8,2016-05-21 08:00:00,15,208.33333333333337,75.0,naive
8,2016-05-21 09:00:00,16,310.0,75.0,naive
8,2016-05-21 10:00:00,17,383.3333333333333,75.0,naive
8,2016-05-21 11:00:00,18,431.6666666666667,75.0,naive
8,2016-05-21 12:00:00,19,228.33333333333337,75.0,naive
8,2016-05-21 13:00:00,20,343.3333333333333,75.0,naive
8,2016-05-21 14:00:00,21,303.3333333333333,75.0,naive
8,2016-05-21 15:00:00,22,361.6666666666667,75.0,naive
8,2016-05-21 16:00:00,23,100.0,75.0,naive
8,2016-05-21 17:00:00,24,95.0,75.0,naive
9,2016-05-21 18:00:00,1,125.0,95.0,naive
9,2016-05-21 19:00:00,2,108.33333333333331,95.0,naive
9,2016-05-21 20:00:00,3,95.0,95.0,naive
9,2016-05-21 21:00:00,4,135.0,95.0,naive
9,2016-05-21 22:00:00,5,73.33333333333333,95.0,naive
9,2016-05-21 23:00:00,6,148.33333333333334,95.0,naive
9,2016-05-22 00:00:00,7,60.0,95.0,naive
9,2016-05-22 01:00:00,8,56.666666666666664,95.0,naive
9,2016-05-22 02:00:00,9,51.666666666666664,95.0,naive
9,2016-05-22 03:00:00,10,53.333333333333336,95.0,naive
9,2016-05-22 04:00:00,11,55.0,95.0,naive
9,2016-05-22 05:00:00,12,50.0,95.0,naive
9,2016-05-22 06:00:00,13,58.333333333333336,95.0,naive
9,2016-05-22 07:00:00,14,63.333333333333336,95.0,naive
9,2016-05-22 08:00:00,15,190.0,95.0,naive
9,2016-05-22 09:00:00,16,113.33333333333331,95.0,naive
9,2016-05-22 10:00:00,17,201.66666666666663,95.0,naive
9,2016-05-22 11:00:00,18,343.3333333333333,95.0,naive
9,2016-05-22 12:00:00,19,126.66666666666669,95.0,naive
9,2016-05-22 13:00:00,20,103.33333333333331,95.0,naive
9,2016-05-22 14:00:00,21,106.66666666666669,95.0,naive
9,2016-05-22 15:00:00,22,96.66666666666669,95.0,naive
9,2016-05-22 16:00:00,23,88.33333333333333,95.0,naive
9,2016-05-22 17:00:00,24,265.0,95.0,naive
10,2016-05-22 18:00:00,1,120.0,265.0,naive
10,2016-05-22 19:00:00,2,96.66666666666669,265.0,naive
10,2016-05-22 20:00:00,3,116.66666666666669,265.0,naive
10,2016-05-22 21:00:00,4,88.33333333333333,265.0,naive
10,2016-05-22 22:00:00,5,78.33333333333333,265.0,naive
10,2016-05-22 23:00:00,6,60.0,265.0,naive
10,2016-05-23 00:00:00,7,58.333333333333336,265.0,naive
10,2016-05-23 01:00:00,8,51.666666666666664,265.0,naive
10,2016-05-23 02:00:00,9,58.333333333333336,265.0,naive
10,2016-05-23 03:00:00,10,51.666666666666664,265.0,naive
10,2016-05-23 04:00:00,11,50.0,265.0,naive
10,2016-05-23 05:00:00,12,66.66666666666667,265.0,naive
10,2016-05-23 06:00:00,13,60.0,265.0,naive
10,2016-05-23 07:00:00,14,56.666666666666664,265.0,naive
10,2016-05-23 08:00:00,15,51.666666666666664,265.0,naive
10,2016-05-23 09:00:00,16,55.0,265.0,naive
10,2016-05-23 10:00:00,17,51.666666666666664,265.0,naive
10,2016-05-23 11:00:00,18,56.666666666666664,265.0,naive
10,2016-05-23 12:00:00,19,61.666666666666664,265.0,naive
10,2016-05-23 13:00:00,20,56.666666666666664,265.0,naive
10,2016-05-23 14:00:00,21,58.333333333333336,265.0,naive
10,2016-05-23 15:00:00,22,73.33333333333333,265.0,naive
10,2016-05-23 16:00:00,23,156.66666666666666,265.0,naive
10,2016-05-23 17:00:00,24,380.0,265.0,naive
11,2016-05-23 18:00:00,1,123.33333333333331,380.0,naive
11,2016-05-23 19:00:00,2,120.0,380.0,naive
11,2016-05-23 20:00:00,3,105.0,380.0,naive
11,2016-05-23 21:00:00,4,68.33333333333333,380.0,naive
11,2016-05-23 22:00:00,5,63.333333333333336,380.0,naive
11,2016-05-23 23:00:00,6,58.333333333333336,380.0,naive
11,2016-05-24 00:00:00,7,50.0,380.0,naive
11,2016-05-24 01:00:00,8,56.666666666666664,380.0,naive
11,2016-05-24 02:00:00,9,55.0,380.0,naive
11,2016-05-24 03:00:00,10,53.333333333333336,380.0,naive
11,2016-05-24 04:00:00,11,53.333333333333336,380.0,naive
11,2016-05-24 05:00:00,12,106.66666666666669,380.0,naive
11,2016-05-24 06:00:00,13,71.66666666666667,380.0,naive
11,2016-05-24 07:00:00,14,161.66666666666666,380.0,naive
11,2016-05-24 08:00:00,15,56.666666666666664,380.0,naive
11,2016-05-24 09:00:00,16,38.333333333333336,380.0,naive
11,2016-05-24 10:00:00,17,66.66666666666667,380.0,naive
11,2016-05-24 11:00:00,18,101.66666666666669,380.0,naive
11,2016-05-24 12:00:00,19,128.33333333333334,380.0,naive
11,2016-05-24 13:00:00,20,118.33333333333331,380.0,naive
11,2016-05-24 14:00:00,21,150.0,380.0,naive
11,2016-05-24 15:00:00,22,141.66666666666666,380.0,naive
11,2016-05-24 16:00:00,23,141.66666666666666,380.0,naive
11,2016-05-24 17:00:00,24,203.33333333333337,380.0,naive
12,2016-05-24 18:00:00,1,136.66666666666666,203.33333333333337,naive
12,2016-05-24 19:00:00,2,123.33333333333331,203.33333333333337,naive
12,2016-05-24 20:00:00,3,96.66666666666669,203.33333333333337,naive
12,2016-05-24 21:00:00,4,76.66666666666667,203.33333333333337,naive
12,2016-05-24 22:00:00,5,61.666666666666664,203.33333333333337,naive
12,2016-05-24 23:00:00,6,58.333333333333336,203.33333333333337,naive
12,2016-05-25 00:00:00,7,53.333333333333336,203.33333333333337,naive
12,2016-05-25 01:00:00,8,53.333333333333336,203.33333333333337,naive
12,2016-05-25 02:00:00,9,56.666666666666664,203.33333333333337,naive
12,2016-05-25 03:00:00,10,48.333333333333336,203.33333333333337,naive
12,2016-05-25 04:00:00,11,55.0,203.33333333333337,naive
12,2016-05-25 05:00:00,12,55.0,203.33333333333337,naive
12,2016-05-25 06:00:00,13,55.0,203.33333333333337,naive
12,2016-05-25 07:00:00,14,65.0,203.33333333333337,naive
12,2016-05-25 08:00:00,15,83.33333333333333,203.33333333333337,naive
12,2016-05-25 09:00:00,16,90.0,203.33333333333337,naive
12,2016-05-25 10:00:00,17,78.33333333333333,203.33333333333337,naive
12,2016-05-25 11:00:00,18,50.0,203.33333333333337,naive
12,2016-05-25 12:00:00,19,60.0,203.33333333333337,naive
12,2016-05-25 13:00:00,20,71.66666666666667,203.33333333333337,naive
12,2016-05-25 14:00:00,21,80.0,203.33333333333337,naive
12,2016-05-25 15:00:00,22,80.0,203.33333333333337,naive
12,2016-05-25 16:00:00,23,231.66666666666663,203.33333333333337,naive
12,2016-05-25 17:00:00,24,118.33333333333331,203.33333333333337,naive
13,2016-05-25 18:00:00,1,156.66666666666666,118.33333333333331,naive
13,2016-05-25 19:00:00,2,118.33333333333331,118.33333333333331,naive
13,2016-05-25 20:00:00,3,190.0,118.33333333333331,naive
13,2016-05-25 21:00:00,4,56.666666666666664,118.33333333333331,naive
13,2016-05-25 22:00:00,5,53.333333333333336,118.33333333333331,naive
13,2016-05-25 23:00:00,6,53.333333333333336,118.33333333333331,naive
13,2016-05-26 00:00:00,7,53.333333333333336,118.33333333333331,naive
13,2016-05-26 01:00:00,8,55.0,118.33333333333331,naive
13,2016-05-26 02:00:00,9,50.0,118.33333333333331,naive
13,2016-05-26 03:00:00,10,56.666666666666664,118.33333333333331,naive
13,2016-05-26 04:00:00,11,50.0,118.33333333333331,naive
13,2016-05-26 05:00:00,12,56.666666666666664,118.33333333333331,naive
13,2016-05-26 06:00:00,13,61.666666666666664,118.33333333333331,naive
13,2016-05-26 07:00:00,14,100.0,118.33333333333331,naive
13,2016-05-26 08:00:00,15,156.66666666666666,118.33333333333331,naive
13,2016-05-26 09:00:00,16,276.6666666666667,118.33333333333331,naive
13,2016-05-26 10:00:00,17,265.0,118.33333333333331,naive
13,2016-05-26 11:00:00,18,243.33333333333337,118.33333333333331,naive
13,2016-05-26 12:00:00,19,221.66666666666663,118.33333333333331,naive
13,2016-05-26 13:00:00,20,75.0,118.33333333333331,naive
13,2016-05-26 14:00:00,21,68.33333333333333,118.33333333333331,naive
13,2016-05-26 15:00:00,22,61.666666666666664,118.33333333333331,naive
13,2016-05-26 16:00:00,23,495.0,118.33333333333331,naive
13,2016-05-26 17:00:00,24,440.0,118.33333333333331,naive
14,2016-05-26 18:00:00,1,215.0,440.0,naive
14,2016-05-26 19:00:00,2,223.33333333333337,440.0,naive
14,2016-05-26 20:00:00,3,91.66666666666669,440.0,naive
14,2016-05-26 21:00:00,4,76.66666666666667,440.0,naive
14,2016-05-26 22:00:00,5,70.0,440.0,naive
14,2016-05-26 23:00:00,6,65.0,440.0,naive
14,2016-05-27 00:00:00,7,60.0,440.0,naive
14,2016-05-27 01:00:00,8,58.333333333333336,440.0,naive
14,2016-05-27 02:00:00,9,50.0,440.0,naive
14,2016-05-27 03:00:00,10,58.333333333333336,440.0,naive
14,2016-05-27 04:00:00,11,58.333333333333336,440.0,naive
14,2016-05-27 05:00:00,12,58.333333333333336,440.0,naive
14,2016-05-27 06:00:00,13,63.333333333333336,440.0,naive
14,2016-05-27 07:00:00,14,111.66666666666669,440.0,naive
14,2016-05-27 08:00:00,15,130.0,440.0,naive
14,2016-05-27 09:00:00,16,251.66666666666663,440.0,naive
14,2016-05-27 10:00:00,17,251.66666666666663,440.0,naive
14,2016-05-27 11:00:00,18,310.0,440.0,naive
14,2016-05-27 12:00:00,19,185.0,440.0,naive
14,2016-05-27 13:00:00,20,265.0,440.0,naive
14,2016-05-27 14:00:00,21,101.66666666666669,440.0,naive
14,2016-05-27 15:00:00,22,76.66666666666667,440.0,naive
14,2016-05-27 16:00:00,23,135.0,440.0,naive
14,2016-05-27 17:00:00,24,180.0,440.0,naive
1,2016-05-13 18:00:00,1,348.3333333333333,105.0,seasonal_naive_daily
1,2016-05-13 19:00:00,2,208.33333333333337,123.33333333333331,seasonal_naive_daily
1,2016-05-13 20:00:00,3,120.0,100.0,seasonal_naive_daily
1,2016-05-13 21:00:00,4,63.333333333333336,71.66666666666667,seasonal_naive_daily
1,2016-05-13 22:00:00,5,55.0,60.0,seasonal_naive_daily
1,2016-05-13 23:00:00,6,61.666666666666664,56.666666666666664,seasonal_naive_daily
1,2016-05-14 00:00:00,7,58.333333333333336,55.0,seasonal_naive_daily
1,2016-05-14 01:00:00,8,63.333333333333336,53.333333333333336,seasonal_naive_daily
1,2016-05-14 02:00:00,9,60.0,58.333333333333336,seasonal_naive_daily
1,2016-05-14 03:00:00,10,60.0,58.333333333333336,seasonal_naive_daily
1,2016-05-14 04:00:00,11,60.0,50.0,seasonal_naive_daily
1,2016-05-14 05:00:00,12,56.666666666666664,58.333333333333336,seasonal_naive_daily
1,2016-05-14 06:00:00,13,63.333333333333336,146.66666666666666,seasonal_naive_daily
1,2016-05-14 07:00:00,14,113.33333333333331,176.66666666666666,seasonal_naive_daily
1,2016-05-14 08:00:00,15,133.33333333333334,338.3333333333333,seasonal_naive_daily
1,2016-05-14 09:00:00,16,118.33333333333331,93.33333333333331,seasonal_naive_daily
1,2016-05-14 10:00:00,17,158.33333333333334,73.33333333333333,seasonal_naive_daily
1,2016-05-14 11:00:00,18,96.66666666666669,355.0,seasonal_naive_daily
1,2016-05-14 12:00:00,19,116.66666666666669,301.6666666666667,seasonal_naive_daily
1,2016-05-14 13:00:00,20,113.33333333333331,268.3333333333333,seasonal_naive_daily
1,2016-05-14 14:00:00,21,106.66666666666669,318.3333333333333,seasonal_naive_daily
1,2016-05-14 15:00:00,22,130.0,201.66666666666663,seasonal_naive_daily
1,2016-05-14 16:00:00,23,111.66666666666669,351.6666666666667,seasonal_naive_daily
1,2016-05-14 17:00:00,24,241.66666666666663,231.66666666666663,seasonal_naive_daily
2,2016-05-14 18:00:00,1,166.66666666666666,348.3333333333333,seasonal_naive_daily
2,2016-05-14 19:00:00,2,90.0,208.33333333333337,seasonal_naive_daily
2,2016-05-14 20:00:00,3,86.66666666666667,120.0,seasonal_naive_daily
2,2016-05-14 21:00:00,4,75.0,63.333333333333336,seasonal_naive_daily
2,2016-05-14 22:00:00,5,61.666666666666664,55.0,seasonal_naive_daily
2,2016-05-14 23:00:00,6,48.333333333333336,61.666666666666664,seasonal_naive_daily
2,2016-05-15 00:00:00,7,53.333333333333336,58.333333333333336,seasonal_naive_daily
2,2016-05-15 01:00:00,8,55.0,63.333333333333336,seasonal_naive_daily
2,2016-05-15 02:00:00,9,51.666666666666664,60.0,seasonal_naive_daily
2,2016-05-15 03:00:00,10,40.0,60.0,seasonal_naive_daily
2,2016-05-15 04:00:00,11,51.666666666666664,60.0,seasonal_naive_daily
2,2016-05-15 05:00:00,12,56.666666666666664,56.666666666666664,seasonal_naive_daily
2,2016-05-15 06:00:00,13,51.666666666666664,63.333333333333336,seasonal_naive_daily
2,2016-05-15 07:00:00,14,93.33333333333331,113.33333333333331,seasonal_naive_daily
2,2016-05-15 08:00:00,15,118.33333333333331,133.33333333333334,seasonal_naive_daily
2,2016-05-15 09:00:00,16,101.66666666666669,118.33333333333331,seasonal_naive_daily
2,2016-05-15 10:00:00,17,108.33333333333331,158.33333333333334,seasonal_naive_daily
2,2016-05-15 11:00:00,18,105.0,96.66666666666669,seasonal_naive_daily
2,2016-05-15 12:00:00,19,96.66666666666669,116.66666666666669,seasonal_naive_daily
2,2016-05-15 13:00:00,20,136.66666666666666,113.33333333333331,seasonal_naive_daily
2,2016-05-15 14:00:00,21,88.33333333333333,106.66666666666669,seasonal_naive_daily
2,2016-05-15 15:00:00,22,93.33333333333331,130.0,seasonal_naive_daily
2,2016-05-15 16:00:00,23,143.33333333333334,111.66666666666669,seasonal_naive_daily
2,2016-05-15 17:00:00,24,236.66666666666663,241.66666666666663,seasonal_naive_daily
3,2016-05-15 18:00:00,1,98.33333333333331,166.66666666666666,seasonal_naive_daily
3,2016-05-15 19:00:00,2,96.66666666666669,90.0,seasonal_naive_daily
3,2016-05-15 20:00:00,3,246.66666666666663,86.66666666666667,seasonal_naive_daily
3,2016-05-15 21:00:00,4,203.33333333333337,75.0,seasonal_naive_daily
3,2016-05-15 22:00:00,5,86.66666666666667,61.666666666666664,seasonal_naive_daily
3,2016-05-15 23:00:00,6,83.33333333333333,48.333333333333336,seasonal_naive_daily
3,2016-05-16 00:00:00,7,61.666666666666664,53.333333333333336,seasonal_naive_daily
3,2016-05-16 01:00:00,8,53.333333333333336,55.0,seasonal_naive_daily
3,2016-05-16 02:00:00,9,56.666666666666664,51.666666666666664,seasonal_naive_daily
3,2016-05-16 03:00:00,10,53.333333333333336,40.0,seasonal_naive_daily
3,2016-05-16 04:00:00,11,55.0,51.666666666666664,seasonal_naive_daily
3,2016-05-16 05:00:00,12,51.666666666666664,56.666666666666664,seasonal_naive_daily
3,2016-05-16 06:00:00,13,53.333333333333336,51.666666666666664,seasonal_naive_daily
3,2016-05-16 07:00:00,14,61.666666666666664,93.33333333333331,seasonal_naive_daily
3,2016-05-16 08:00:00,15,88.33333333333333,118.33333333333331,seasonal_naive_daily
3,2016-05-16 09:00:00,16,70.0,101.66666666666669,seasonal_naive_daily
3,2016-05-16 10:00:00,17,148.33333333333334,108.33333333333331,seasonal_naive_daily
3,2016-05-16 11:00:00,18,103.33333333333331,105.0,seasonal_naive_daily
3,2016-05-16 12:00:00,19,206.66666666666663,96.66666666666669,seasonal_naive_daily
3,2016-05-16 13:00:00,20,266.6666666666667,136.66666666666666,seasonal_naive_daily
3,2016-05-16 14:00:00,21,88.33333333333333,88.33333333333333,seasonal_naive_daily
3,2016-05-16 15:00:00,22,111.66666666666669,93.33333333333331,seasonal_naive_daily
3,2016-05-16 16:00:00,23,88.33333333333333,143.33333333333334,seasonal_naive_daily
3,2016-05-16 17:00:00,24,243.33333333333337,236.66666666666663,seasonal_naive_daily
4,2016-05-16 18:00:00,1,155.0,98.33333333333331,seasonal_naive_daily
4,2016-05-16 19:00:00,2,115.0,96.66666666666669,seasonal_naive_daily
4,2016-05-16 20:00:00,3,96.66666666666669,246.66666666666663,seasonal_naive_daily
4,2016-05-16 21:00:00,4,68.33333333333333,203.33333333333337,seasonal_naive_daily
4,2016-05-16 22:00:00,5,46.666666666666664,86.66666666666667,seasonal_naive_daily
4,2016-05-16 23:00:00,6,60.0,83.33333333333333,seasonal_naive_daily
4,2016-05-17 00:00:00,7,50.0,61.666666666666664,seasonal_naive_daily
4,2016-05-17 01:00:00,8,55.0,53.333333333333336,seasonal_naive_daily
4,2016-05-17 02:00:00,9,51.666666666666664,56.666666666666664,seasonal_naive_daily
4,2016-05-17 03:00:00,10,53.333333333333336,53.333333333333336,seasonal_naive_daily
4,2016-05-17 04:00:00,11,53.333333333333336,55.0,seasonal_naive_daily
4,2016-05-17 05:00:00,12,58.333333333333336,51.666666666666664,seasonal_naive_daily
4,2016-05-17 06:00:00,13,56.666666666666664,53.333333333333336,seasonal_naive_daily
4,2016-05-17 07:00:00,14,65.0,61.666666666666664,seasonal_naive_daily
4,2016-05-17 08:00:00,15,56.666666666666664,88.33333333333333,seasonal_naive_daily
4,2016-05-17 09:00:00,16,51.666666666666664,70.0,seasonal_naive_daily
4,2016-05-17 10:00:00,17,53.333333333333336,148.33333333333334,seasonal_naive_daily
4,2016-05-17 11:00:00,18,51.666666666666664,103.33333333333331,seasonal_naive_daily
4,2016-05-17 12:00:00,19,53.333333333333336,206.66666666666663,seasonal_naive_daily
4,2016-05-17 13:00:00,20,41.666666666666664,266.6666666666667,seasonal_naive_daily
4,2016-05-17 14:00:00,21,53.333333333333336,88.33333333333333,seasonal_naive_daily
4,2016-05-17 15:00:00,22,51.666666666666664,111.66666666666669,seasonal_naive_daily
4,2016-05-17 16:00:00,23,66.66666666666667,88.33333333333333,seasonal_naive_daily
4,2016-05-17 17:00:00,24,153.33333333333334,243.33333333333337,seasonal_naive_daily
5,2016-05-17 18:00:00,1,100.0,155.0,seasonal_naive_daily
5,2016-05-17 19:00:00,2,123.33333333333331,115.0,seasonal_naive_daily
5,2016-05-17 20:00:00,3,118.33333333333331,96.66666666666669,seasonal_naive_daily
5,2016-05-17 21:00:00,4,65.0,68.33333333333333,seasonal_naive_daily
5,2016-05-17 22:00:00,5,46.666666666666664,46.666666666666664,seasonal_naive_daily
5,2016-05-17 23:00:00,6,55.0,60.0,seasonal_naive_daily
5,2016-05-18 00:00:00,7,51.666666666666664,50.0,seasonal_naive_daily
5,2016-05-18 01:00:00,8,53.333333333333336,55.0,seasonal_naive_daily
5,2016-05-18 02:00:00,9,55.0,51.666666666666664,seasonal_naive_daily
5,2016-05-18 03:00:00,10,51.666666666666664,53.333333333333336,seasonal_naive_daily
5,2016-05-18 04:00:00,11,51.666666666666664,53.333333333333336,seasonal_naive_daily
5,2016-05-18 05:00:00,12,65.0,58.333333333333336,seasonal_naive_daily
5,2016-05-18 06:00:00,13,70.0,56.666666666666664,seasonal_naive_daily
5,2016-05-18 07:00:00,14,53.333333333333336,65.0,seasonal_naive_daily
5,2016-05-18 08:00:00,15,61.666666666666664,56.666666666666664,seasonal_naive_daily
5,2016-05-18 09:00:00,16,65.0,51.666666666666664,seasonal_naive_daily
5,2016-05-18 10:00:00,17,58.333333333333336,53.333333333333336,seasonal_naive_daily
5,2016-05-18 11:00:00,18,70.0,51.666666666666664,seasonal_naive_daily
5,2016-05-18 12:00:00,19,56.666666666666664,53.333333333333336,seasonal_naive_daily
5,2016-05-18 13:00:00,20,86.66666666666667,41.666666666666664,seasonal_naive_daily
5,2016-05-18 14:00:00,21,81.66666666666667,53.333333333333336,seasonal_naive_daily
5,2016-05-18 15:00:00,22,83.33333333333333,51.666666666666664,seasonal_naive_daily
5,2016-05-18 16:00:00,23,105.0,66.66666666666667,seasonal_naive_daily
5,2016-05-18 17:00:00,24,118.33333333333331,153.33333333333334,seasonal_naive_daily
6,2016-05-18 18:00:00,1,178.33333333333334,100.0,seasonal_naive_daily
6,2016-05-18 19:00:00,2,143.33333333333334,123.33333333333331,seasonal_naive_daily
6,2016-05-18 20:00:00,3,223.33333333333337,118.33333333333331,seasonal_naive_daily
6,2016-05-18 21:00:00,4,81.66666666666667,65.0,seasonal_naive_daily
6,2016-05-18 22:00:00,5,51.666666666666664,46.666666666666664,seasonal_naive_daily
6,2016-05-18 23:00:00,6,56.666666666666664,55.0,seasonal_naive_daily
6,2016-05-19 00:00:00,7,51.666666666666664,51.666666666666664,seasonal_naive_daily
6,2016-05-19 01:00:00,8,51.666666666666664,53.333333333333336,seasonal_naive_daily
6,2016-05-19 02:00:00,9,50.0,55.0,seasonal_naive_daily
6,2016-05-19 03:00:00,10,51.666666666666664,51.666666666666664,seasonal_naive_daily
6,2016-05-19 04:00:00,11,56.666666666666664,51.666666666666664,seasonal_naive_daily
6,2016-05-19 05:00:00,12,55.0,65.0,seasonal_naive_daily
6,2016-05-19 06:00:00,13,58.333333333333336,70.0,seasonal_naive_daily
6,2016-05-19 07:00:00,14,50.0,53.333333333333336,seasonal_naive_daily
6,2016-05-19 08:00:00,15,53.333333333333336,61.666666666666664,seasonal_naive_daily
6,2016-05-19 09:00:00,16,36.666666666666664,65.0,seasonal_naive_daily
6,2016-05-19 10:00:00,17,55.0,58.333333333333336,seasonal_naive_daily
6,2016-05-19 11:00:00,18,51.666666666666664,70.0,seasonal_naive_daily
6,2016-05-19 12:00:00,19,55.0,56.666666666666664,seasonal_naive_daily
6,2016-05-19 13:00:00,20,50.0,86.66666666666667,seasonal_naive_daily
6,2016-05-19 14:00:00,21,63.333333333333336,81.66666666666667,seasonal_naive_daily
6,2016-05-19 15:00:00,22,81.66666666666667,83.33333333333333,seasonal_naive_daily
6,2016-05-19 16:00:00,23,90.0,105.0,seasonal_naive_daily
6,2016-05-19 17:00:00,24,208.33333333333337,118.33333333333331,seasonal_naive_daily
7,2016-05-19 18:00:00,1,120.0,178.33333333333334,seasonal_naive_daily
7,2016-05-19 19:00:00,2,98.33333333333331,143.33333333333334,seasonal_naive_daily
7,2016-05-19 20:00:00,3,118.33333333333331,223.33333333333337,seasonal_naive_daily
7,2016-05-19 21:00:00,4,66.66666666666667,81.66666666666667,seasonal_naive_daily
7,2016-05-19 22:00:00,5,50.0,51.666666666666664,seasonal_naive_daily
7,2016-05-19 23:00:00,6,56.666666666666664,56.666666666666664,seasonal_naive_daily
7,2016-05-20 00:00:00,7,51.666666666666664,51.666666666666664,seasonal_naive_daily
7,2016-05-20 01:00:00,8,51.666666666666664,51.666666666666664,seasonal_naive_daily
7,2016-05-20 02:00:00,9,36.666666666666664,50.0,seasonal_naive_daily
7,2016-05-20 03:00:00,10,58.333333333333336,51.666666666666664,seasonal_naive_daily
7,2016-05-20 04:00:00,11,51.666666666666664,56.666666666666664,seasonal_naive_daily
7,2016-05-20 05:00:00,12,61.666666666666664,55.0,seasonal_naive_daily
7,2016-05-20 06:00:00,13,66.66666666666667,58.333333333333336,seasonal_naive_daily
7,2016-05-20 07:00:00,14,80.0,50.0,seasonal_naive_daily
7,2016-05-20 08:00:00,15,126.66666666666669,53.333333333333336,seasonal_naive_daily
7,2016-05-20 09:00:00,16,73.33333333333333,36.666666666666664,seasonal_naive_daily
7,2016-05-20 10:00:00,17,81.66666666666667,55.0,seasonal_naive_daily
7,2016-05-20 11:00:00,18,73.33333333333333,51.666666666666664,seasonal_naive_daily
7,2016-05-20 12:00:00,19,71.66666666666667,55.0,seasonal_naive_daily
7,2016-05-20 13:00:00,20,61.666666666666664,50.0,seasonal_naive_daily
7,2016-05-20 14:00:00,21,60.0,63.333333333333336,seasonal_naive_daily
7,2016-05-20 15:00:00,22,46.666666666666664,81.66666666666667,seasonal_naive_daily
7,2016-05-20 16:00:00,23,48.333333333333336,90.0,seasonal_naive_daily
7,2016-05-20 17:00:00,24,75.0,208.33333333333337,seasonal_naive_daily
8,2016-05-20 18:00:00,1,78.33333333333333,120.0,seasonal_naive_daily
8,2016-05-20 19:00:00,2,65.0,98.33333333333331,seasonal_naive_daily
8,2016-05-20 20:00:00,3,70.0,118.33333333333331,seasonal_naive_daily
8,2016-05-20 21:00:00,4,65.0,66.66666666666667,seasonal_naive_daily
8,2016-05-20 22:00:00,5,53.333333333333336,50.0,seasonal_naive_daily
8,2016-05-20 23:00:00,6,45.0,56.666666666666664,seasonal_naive_daily
8,2016-05-21 00:00:00,7,48.333333333333336,51.666666666666664,seasonal_naive_daily
8,2016-05-21 01:00:00,8,51.666666666666664,51.666666666666664,seasonal_naive_daily
8,2016-05-21 02:00:00,9,56.666666666666664,36.666666666666664,seasonal_naive_daily
8,2016-05-21 03:00:00,10,48.333333333333336,58.333333333333336,seasonal_naive_daily
8,2016-05-21 04:00:00,11,56.666666666666664,51.666666666666664,seasonal_naive_daily
8,2016-05-21 05:00:00,12,51.666666666666664,61.666666666666664,seasonal_naive_daily
8,2016-05-21 06:00:00,13,60.0,66.66666666666667,seasonal_naive_daily
8,2016-05-21 07:00:00,14,56.666666666666664,80.0,seasonal_naive_daily
8,2016-05-21 08:00:00,15,208.33333333333337,126.66666666666669,seasonal_naive_daily
8,2016-05-21 09:00:00,16,310.0,73.33333333333333,seasonal_naive_daily
8,2016-05-21 10:00:00,17,383.3333333333333,81.66666666666667,seasonal_naive_daily
8,2016-05-21 11:00:00,18,431.6666666666667,73.33333333333333,seasonal_naive_daily
8,2016-05-21 12:00:00,19,228.33333333333337,71.66666666666667,seasonal_naive_daily
8,2016-05-21 13:00:00,20,343.3333333333333,61.666666666666664,seasonal_naive_daily
8,2016-05-21 14:00:00,21,303.3333333333333,60.0,seasonal_naive_daily
8,2016-05-21 15:00:00,22,361.6666666666667,46.666666666666664,seasonal_naive_daily
8,2016-05-21 16:00:00,23,100.0,48.333333333333336,seasonal_naive_daily
8,2016-05-21 17:00:00,24,95.0,75.0,seasonal_naive_daily
9,2016-05-21 18:00:00,1,125.0,78.33333333333333,seasonal_naive_daily
9,2016-05-21 19:00:00,2,108.33333333333331,65.0,seasonal_naive_daily
9,2016-05-21 20:00:00,3,95.0,70.0,seasonal_naive_daily
9,2016-05-21 21:00:00,4,135.0,65.0,seasonal_naive_daily
9,2016-05-21 22:00:00,5,73.33333333333333,53.333333333333336,seasonal_naive_daily
9,2016-05-21 23:00:00,6,148.33333333333334,45.0,seasonal_naive_daily
9,2016-05-22 00:00:00,7,60.0,48.333333333333336,seasonal_naive_daily
9,2016-05-22 01:00:00,8,56.666666666666664,51.666666666666664,seasonal_naive_daily
9,2016-05-22 02:00:00,9,51.666666666666664,56.666666666666664,seasonal_naive_daily
9,2016-05-22 03:00:00,10,53.333333333333336,48.333333333333336,seasonal_naive_daily
9,2016-05-22 04:00:00,11,55.0,56.666666666666664,seasonal_naive_daily
9,2016-05-22 05:00:00,12,50.0,51.666666666666664,seasonal_naive_daily
9,2016-05-22 06:00:00,13,58.333333333333336,60.0,seasonal_naive_daily
9,2016-05-22 07:00:00,14,63.333333333333336,56.666666666666664,seasonal_naive_daily
9,2016-05-22 08:00:00,15,190.0,208.33333333333337,seasonal_naive_daily
9,2016-05-22 09:00:00,16,113.33333333333331,310.0,seasonal_naive_daily
9,2016-05-22 10:00:00,17,201.66666666666663,383.3333333333333,seasonal_naive_daily
9,2016-05-22 11:00:00,18,343.3333333333333,431.6666666666667,seasonal_naive_daily
9,2016-05-22 12:00:00,19,126.66666666666669,228.33333333333337,seasonal_naive_daily
9,2016-05-22 13:00:00,20,103.33333333333331,343.3333333333333,seasonal_naive_daily
9,2016-05-22 14:00:00,21,106.66666666666669,303.3333333333333,seasonal_naive_daily
9,2016-05-22 15:00:00,22,96.66666666666669,361.6666666666667,seasonal_naive_daily
9,2016-05-22 16:00:00,23,88.33333333333333,100.0,seasonal_naive_daily
9,2016-05-22 17:00:00,24,265.0,95.0,seasonal_naive_daily
10,2016-05-22 18:00:00,1,120.0,125.0,seasonal_naive_daily
10,2016-05-22 19:00:00,2,96.66666666666669,108.33333333333331,seasonal_naive_daily
10,2016-05-22 20:00:00,3,116.66666666666669,95.0,seasonal_naive_daily
10,2016-05-22 21:00:00,4,88.33333333333333,135.0,seasonal_naive_daily
10,2016-05-22 22:00:00,5,78.33333333333333,73.33333333333333,seasonal_naive_daily
10,2016-05-22 23:00:00,6,60.0,148.33333333333334,seasonal_naive_daily
10,2016-05-23 00:00:00,7,58.333333333333336,60.0,seasonal_naive_daily
10,2016-05-23 01:00:00,8,51.666666666666664,56.666666666666664,seasonal_naive_daily
10,2016-05-23 02:00:00,9,58.333333333333336,51.666666666666664,seasonal_naive_daily
10,2016-05-23 03:00:00,10,51.666666666666664,53.333333333333336,seasonal_naive_daily
10,2016-05-23 04:00:00,11,50.0,55.0,seasonal_naive_daily
10,2016-05-23 05:00:00,12,66.66666666666667,50.0,seasonal_naive_daily
10,2016-05-23 06:00:00,13,60.0,58.333333333333336,seasonal_naive_daily
10,2016-05-23 07:00:00,14,56.666666666666664,63.333333333333336,seasonal_naive_daily
10,2016-05-23 08:00:00,15,51.666666666666664,190.0,seasonal_naive_daily
10,2016-05-23 09:00:00,16,55.0,113.33333333333331,seasonal_naive_daily
10,2016-05-23 10:00:00,17,51.666666666666664,201.66666666666663,seasonal_naive_daily
10,2016-05-23 11:00:00,18,56.666666666666664,343.3333333333333,seasonal_naive_daily
10,2016-05-23 12:00:00,19,61.666666666666664,126.66666666666669,seasonal_naive_daily
10,2016-05-23 13:00:00,20,56.666666666666664,103.33333333333331,seasonal_naive_daily
10,2016-05-23 14:00:00,21,58.333333333333336,106.66666666666669,seasonal_naive_daily
10,2016-05-23 15:00:00,22,73.33333333333333,96.66666666666669,seasonal_naive_daily
10,2016-05-23 16:00:00,23,156.66666666666666,88.33333333333333,seasonal_naive_daily
10,2016-05-23 17:00:00,24,380.0,265.0,seasonal_naive_daily
11,2016-05-23 18:00:00,1,123.33333333333331,120.0,seasonal_naive_daily
11,2016-05-23 19:00:00,2,120.0,96.66666666666669,seasonal_naive_daily
11,2016-05-23 20:00:00,3,105.0,116.66666666666669,seasonal_naive_daily
11,2016-05-23 21:00:00,4,68.33333333333333,88.33333333333333,seasonal_naive_daily
11,2016-05-23 22:00:00,5,63.333333333333336,78.33333333333333,seasonal_naive_daily
11,2016-05-23 23:00:00,6,58.333333333333336,60.0,seasonal_naive_daily
11,2016-05-24 00:00:00,7,50.0,58.333333333333336,seasonal_naive_daily
11,2016-05-24 01:00:00,8,56.666666666666664,51.666666666666664,seasonal_naive_daily
11,2016-05-24 02:00:00,9,55.0,58.333333333333336,seasonal_naive_daily
11,2016-05-24 03:00:00,10,53.333333333333336,51.666666666666664,seasonal_naive_daily
11,2016-05-24 04:00:00,11,53.333333333333336,50.0,seasonal_naive_daily
11,2016-05-24 05:00:00,12,106.66666666666669,66.66666666666667,seasonal_naive_daily
11,2016-05-24 06:00:00,13,71.66666666666667,60.0,seasonal_naive_daily
11,2016-05-24 07:00:00,14,161.66666666666666,56.666666666666664,seasonal_naive_daily
11,2016-05-24 08:00:00,15,56.666666666666664,51.666666666666664,seasonal_naive_daily
11,2016-05-24 09:00:00,16,38.333333333333336,55.0,seasonal_naive_daily
11,2016-05-24 10:00:00,17,66.66666666666667,51.666666666666664,seasonal_naive_daily
11,2016-05-24 11:00:00,18,101.66666666666669,56.666666666666664,seasonal_naive_daily
11,2016-05-24 12:00:00,19,128.33333333333334,61.666666666666664,seasonal_naive_daily
11,2016-05-24 13:00:00,20,118.33333333333331,56.666666666666664,seasonal_naive_daily
11,2016-05-24 14:00:00,21,150.0,58.333333333333336,seasonal_naive_daily
11,2016-05-24 15:00:00,22,141.66666666666666,73.33333333333333,seasonal_naive_daily
11,2016-05-24 16:00:00,23,141.66666666666666,156.66666666666666,seasonal_naive_daily
11,2016-05-24 17:00:00,24,203.33333333333337,380.0,seasonal_naive_daily
12,2016-05-24 18:00:00,1,136.66666666666666,123.33333333333331,seasonal_naive_daily
12,2016-05-24 19:00:00,2,123.33333333333331,120.0,seasonal_naive_daily
12,2016-05-24 20:00:00,3,96.66666666666669,105.0,seasonal_naive_daily
12,2016-05-24 21:00:00,4,76.66666666666667,68.33333333333333,seasonal_naive_daily
12,2016-05-24 22:00:00,5,61.666666666666664,63.333333333333336,seasonal_naive_daily
12,2016-05-24 23:00:00,6,58.333333333333336,58.333333333333336,seasonal_naive_daily
12,2016-05-25 00:00:00,7,53.333333333333336,50.0,seasonal_naive_daily
12,2016-05-25 01:00:00,8,53.333333333333336,56.666666666666664,seasonal_naive_daily
12,2016-05-25 02:00:00,9,56.666666666666664,55.0,seasonal_naive_daily
12,2016-05-25 03:00:00,10,48.333333333333336,53.333333333333336,seasonal_naive_daily
12,2016-05-25 04:00:00,11,55.0,53.333333333333336,seasonal_naive_daily
12,2016-05-25 05:00:00,12,55.0,106.66666666666669,seasonal_naive_daily
12,2016-05-25 06:00:00,13,55.0,71.66666666666667,seasonal_naive_daily
12,2016-05-25 07:00:00,14,65.0,161.66666666666666,seasonal_naive_daily
12,2016-05-25 08:00:00,15,83.33333333333333,56.666666666666664,seasonal_naive_daily
12,2016-05-25 09:00:00,16,90.0,38.333333333333336,seasonal_naive_daily
12,2016-05-25 10:00:00,17,78.33333333333333,66.66666666666667,seasonal_naive_daily
12,2016-05-25 11:00:00,18,50.0,101.66666666666669,seasonal_naive_daily
12,2016-05-25 12:00:00,19,60.0,128.33333333333334,seasonal_naive_daily
12,2016-05-25 13:00:00,20,71.66666666666667,118.33333333333331,seasonal_naive_daily
12,2016-05-25 14:00:00,21,80.0,150.0,seasonal_naive_daily
12,2016-05-25 15:00:00,22,80.0,141.66666666666666,seasonal_naive_daily
12,2016-05-25 16:00:00,23,231.66666666666663,141.66666666666666,seasonal_naive_daily
12,2016-05-25 17:00:00,24,118.33333333333331,203.33333333333337,seasonal_naive_daily
13,2016-05-25 18:00:00,1,156.66666666666666,136.66666666666666,seasonal_naive_daily
13,2016-05-25 19:00:00,2,118.33333333333331,123.33333333333331,seasonal_naive_daily
13,2016-05-25 20:00:00,3,190.0,96.66666666666669,seasonal_naive_daily
13,2016-05-25 21:00:00,4,56.666666666666664,76.66666666666667,seasonal_naive_daily
13,2016-05-25 22:00:00,5,53.333333333333336,61.666666666666664,seasonal_naive_daily
13,2016-05-25 23:00:00,6,53.333333333333336,58.333333333333336,seasonal_naive_daily
13,2016-05-26 00:00:00,7,53.333333333333336,53.333333333333336,seasonal_naive_daily
13,2016-05-26 01:00:00,8,55.0,53.333333333333336,seasonal_naive_daily
13,2016-05-26 02:00:00,9,50.0,56.666666666666664,seasonal_naive_daily
13,2016-05-26 03:00:00,10,56.666666666666664,48.333333333333336,seasonal_naive_daily
13,2016-05-26 04:00:00,11,50.0,55.0,seasonal_naive_daily
13,2016-05-26 05:00:00,12,56.666666666666664,55.0,seasonal_naive_daily
13,2016-05-26 06:00:00,13,61.666666666666664,55.0,seasonal_naive_daily
13,2016-05-26 07:00:00,14,100.0,65.0,seasonal_naive_daily
13,2016-05-26 08:00:00,15,156.66666666666666,83.33333333333333,seasonal_naive_daily
13,2016-05-26 09:00:00,16,276.6666666666667,90.0,seasonal_naive_daily
13,2016-05-26 10:00:00,17,265.0,78.33333333333333,seasonal_naive_daily
13,2016-05-26 11:00:00,18,243.33333333333337,50.0,seasonal_naive_daily
13,2016-05-26 12:00:00,19,221.66666666666663,60.0,seasonal_naive_daily
13,2016-05-26 13:00:00,20,75.0,71.66666666666667,seasonal_naive_daily
13,2016-05-26 14:00:00,21,68.33333333333333,80.0,seasonal_naive_daily
13,2016-05-26 15:00:00,22,61.666666666666664,80.0,seasonal_naive_daily
13,2016-05-26 16:00:00,23,495.0,231.66666666666663,seasonal_naive_daily
13,2016-05-26 17:00:00,24,440.0,118.33333333333331,seasonal_naive_daily
14,2016-05-26 18:00:00,1,215.0,156.66666666666666,seasonal_naive_daily
14,2016-05-26 19:00:00,2,223.33333333333337,118.33333333333331,seasonal_naive_daily
14,2016-05-26 20:00:00,3,91.66666666666669,190.0,seasonal_naive_daily
14,2016-05-26 21:00:00,4,76.66666666666667,56.666666666666664,seasonal_naive_daily
14,2016-05-26 22:00:00,5,70.0,53.333333333333336,seasonal_naive_daily
14,2016-05-26 23:00:00,6,65.0,53.333333333333336,seasonal_naive_daily
14,2016-05-27 00:00:00,7,60.0,53.333333333333336,seasonal_naive_daily
14,2016-05-27 01:00:00,8,58.333333333333336,55.0,seasonal_naive_daily
14,2016-05-27 02:00:00,9,50.0,50.0,seasonal_naive_daily
14,2016-05-27 03:00:00,10,58.333333333333336,56.666666666666664,seasonal_naive_daily
14,2016-05-27 04:00:00,11,58.333333333333336,50.0,seasonal_naive_daily
14,2016-05-27 05:00:00,12,58.333333333333336,56.666666666666664,seasonal_naive_daily
14,2016-05-27 06:00:00,13,63.333333333333336,61.666666666666664,seasonal_naive_daily
14,2016-05-27 07:00:00,14,111.66666666666669,100.0,seasonal_naive_daily
14,2016-05-27 08:00:00,15,130.0,156.66666666666666,seasonal_naive_daily
14,2016-05-27 09:00:00,16,251.66666666666663,276.6666666666667,seasonal_naive_daily
14,2016-05-27 10:00:00,17,251.66666666666663,265.0,seasonal_naive_daily
14,2016-05-27 11:00:00,18,310.0,243.33333333333337,seasonal_naive_daily
14,2016-05-27 12:00:00,19,185.0,221.66666666666663,seasonal_naive_daily
14,2016-05-27 13:00:00,20,265.0,75.0,seasonal_naive_daily
14,2016-05-27 14:00:00,21,101.66666666666669,68.33333333333333,seasonal_naive_daily
14,2016-05-27 15:00:00,22,76.66666666666667,61.666666666666664,seasonal_naive_daily
14,2016-05-27 16:00:00,23,135.0,495.0,seasonal_naive_daily
14,2016-05-27 17:00:00,24,180.0,440.0,seasonal_naive_daily
1,2016-05-13 18:00:00,1,348.3333333333333,176.66666666666666,seasonal_naive_weekly
1,2016-05-13 19:00:00,2,208.33333333333337,126.66666666666669,seasonal_naive_weekly
1,2016-05-13 20:00:00,3,120.0,116.66666666666669,seasonal_naive_weekly
1,2016-05-13 21:00:00,4,63.333333333333336,71.66666666666667,seasonal_naive_weekly
1,2016-05-13 22:00:00,5,55.0,53.333333333333336,seasonal_naive_weekly
1,2016-05-13 23:00:00,6,61.666666666666664,58.333333333333336,seasonal_naive_weekly
1,2016-05-14 00:00:00,7,58.333333333333336,51.666666666666664,seasonal_naive_weekly
1,2016-05-14 01:00:00,8,63.333333333333336,56.666666666666664,seasonal_naive_weekly
1,2016-05-14 02:00:00,9,60.0,53.333333333333336,seasonal_naive_weekly
1,2016-05-14 03:00:00,10,60.0,55.0,seasonal_naive_weekly
1,2016-05-14 04:00:00,11,60.0,55.0,seasonal_naive_weekly
1,2016-05-14 05:00:00,12,56.666666666666664,51.666666666666664,seasonal_naive_weekly
1,2016-05-14 06:00:00,13,63.333333333333336,53.333333333333336,seasonal_naive_weekly
1,2016-05-14 07:00:00,14,113.33333333333331,148.33333333333334,seasonal_naive_weekly
1,2016-05-14 08:00:00,15,133.33333333333334,121.66666666666669,seasonal_naive_weekly
1,2016-05-14 09:00:00,16,118.33333333333331,153.33333333333334,seasonal_naive_weekly
1,2016-05-14 10:00:00,17,158.33333333333334,178.33333333333334,seasonal_naive_weekly
1,2016-05-14 11:00:00,18,96.66666666666669,161.66666666666666,seasonal_naive_weekly
1,2016-05-14 12:00:00,19,116.66666666666669,86.66666666666667,seasonal_naive_weekly
1,2016-05-14 13:00:00,20,113.33333333333331,75.0,seasonal_naive_weekly
1,2016-05-14 14:00:00,21,106.66666666666669,88.33333333333333,seasonal_naive_weekly
1,2016-05-14 15:00:00,22,130.0,103.33333333333331,seasonal_naive_weekly
1,2016-05-14 16:00:00,23,111.66666666666669,91.66666666666669,seasonal_naive_weekly
1,2016-05-14 17:00:00,24,241.66666666666663,83.33333333333333,seasonal_naive_weekly
2,2016-05-14 18:00:00,1,166.66666666666666,285.0,seasonal_naive_weekly
2,2016-05-14 19:00:00,2,90.0,120.0,seasonal_naive_weekly
2,2016-05-14 20:00:00,3,86.66666666666667,86.66666666666667,seasonal_naive_weekly
2,2016-05-14 21:00:00,4,75.0,56.666666666666664,seasonal_naive_weekly
2,2016-05-14 22:00:00,5,61.666666666666664,58.333333333333336,seasonal_naive_weekly
2,2016-05-14 23:00:00,6,48.333333333333336,56.666666666666664,seasonal_naive_weekly
2,2016-05-15 00:00:00,7,53.333333333333336,58.333333333333336,seasonal_naive_weekly
2,2016-05-15 01:00:00,8,55.0,51.666666666666664,seasonal_naive_weekly
2,2016-05-15 02:00:00,9,51.666666666666664,55.0,seasonal_naive_weekly
2,2016-05-15 03:00:00,10,40.0,56.666666666666664,seasonal_naive_weekly
2,2016-05-15 04:00:00,11,51.666666666666664,50.0,seasonal_naive_weekly
2,2016-05-15 05:00:00,12,56.666666666666664,56.666666666666664,seasonal_naive_weekly
2,2016-05-15 06:00:00,13,51.666666666666664,50.0,seasonal_naive_weekly
2,2016-05-15 07:00:00,14,93.33333333333331,60.0,seasonal_naive_weekly
2,2016-05-15 08:00:00,15,118.33333333333331,183.33333333333337,seasonal_naive_weekly
2,2016-05-15 09:00:00,16,101.66666666666669,143.33333333333334,seasonal_naive_weekly
2,2016-05-15 10:00:00,17,108.33333333333331,135.0,seasonal_naive_weekly
2,2016-05-15 11:00:00,18,105.0,50.0,seasonal_naive_weekly
2,2016-05-15 12:00:00,19,96.66666666666669,56.666666666666664,seasonal_naive_weekly
2,2016-05-15 13:00:00,20,136.66666666666666,56.666666666666664,seasonal_naive_weekly
2,2016-05-15 14:00:00,21,88.33333333333333,56.666666666666664,seasonal_naive_weekly
2,2016-05-15 15:00:00,22,93.33333333333331,50.0,seasonal_naive_weekly
2,2016-05-15 16:00:00,23,143.33333333333334,55.0,seasonal_naive_weekly
2,2016-05-15 17:00:00,24,236.66666666666663,56.666666666666664,seasonal_naive_weekly
3,2016-05-15 18:00:00,1,98.33333333333331,50.0,seasonal_naive_weekly
3,2016-05-15 19:00:00,2,96.66666666666669,60.0,seasonal_naive_weekly
3,2016-05-15 20:00:00,3,246.66666666666663,78.33333333333333,seasonal_naive_weekly
3,2016-05-15 21:00:00,4,203.33333333333337,63.333333333333336,seasonal_naive_weekly
3,2016-05-15 22:00:00,5,86.66666666666667,58.333333333333336,seasonal_naive_weekly
3,2016-05-15 23:00:00,6,83.33333333333333,53.333333333333336,seasonal_naive_weekly
3,2016-05-16 00:00:00,7,61.666666666666664,55.0,seasonal_naive_weekly
3,2016-05-16 01:00:00,8,53.333333333333336,58.333333333333336,seasonal_naive_weekly
3,2016-05-16 02:00:00,9,56.666666666666664,55.0,seasonal_naive_weekly
3,2016-05-16 03:00:00,10,53.333333333333336,53.333333333333336,seasonal_naive_weekly
3,2016-05-16 04:00:00,11,55.0,56.666666666666664,seasonal_naive_weekly
3,2016-05-16 05:00:00,12,51.666666666666664,65.0,seasonal_naive_weekly
3,2016-05-16 06:00:00,13,53.333333333333336,55.0,seasonal_naive_weekly
3,2016-05-16 07:00:00,14,61.666666666666664,56.666666666666664,seasonal_naive_weekly
3,2016-05-16 08:00:00,15,88.33333333333333,61.666666666666664,seasonal_naive_weekly
3,2016-05-16 09:00:00,16,70.0,66.66666666666667,seasonal_naive_weekly
3,2016-05-16 10:00:00,17,148.33333333333334,55.0,seasonal_naive_weekly
3,2016-05-16 11:00:00,18,103.33333333333331,61.666666666666664,seasonal_naive_weekly
3,2016-05-16 12:00:00,19,206.66666666666663,135.0,seasonal_naive_weekly
3,2016-05-16 13:00:00,20,266.6666666666667,173.33333333333334,seasonal_naive_weekly
3,2016-05-16 14:00:00,21,88.33333333333333,88.33333333333333,seasonal_naive_weekly
3,2016-05-16 15:00:00,22,111.66666666666669,70.0,seasonal_naive_weekly
3,2016-05-16 16:00:00,23,88.33333333333333,78.33333333333333,seasonal_naive_weekly
3,2016-05-16 17:00:00,24,243.33333333333337,268.3333333333333,seasonal_naive_weekly
4,2016-05-16 18:00:00,1,155.0,120.0,seasonal_naive_weekly
4,2016-05-16 19:00:00,2,115.0,110.0,seasonal_naive_weekly
4,2016-05-16 20:00:00,3,96.66666666666669,95.0,seasonal_naive_weekly
4,2016-05-16 21:00:00,4,68.33333333333333,71.66666666666667,seasonal_naive_weekly
4,2016-05-16 22:00:00,5,46.666666666666664,71.66666666666667,seasonal_naive_weekly
4,2016-05-16 23:00:00,6,60.0,60.0,seasonal_naive_weekly
4,2016-05-17 00:00:00,7,50.0,51.666666666666664,seasonal_naive_weekly
4,2016-05-17 01:00:00,8,55.0,55.0,seasonal_naive_weekly
4,2016-05-17 02:00:00,9,51.666666666666664,56.666666666666664,seasonal_naive_weekly
4,2016-05-17 03:00:00,10,53.333333333333336,56.666666666666664,seasonal_naive_weekly
4,2016-05-17 04:00:00,11,53.333333333333336,50.0,seasonal_naive_weekly
4,2016-05-17 05:00:00,12,58.333333333333336,71.66666666666667,seasonal_naive_weekly
4,2016-05-17 06:00:00,13,56.666666666666664,63.333333333333336,seasonal_naive_weekly
4,2016-05-17 07:00:00,14,65.0,60.0,seasonal_naive_weekly
4,2016-05-17 08:00:00,15,56.666666666666664,56.666666666666664,seasonal_naive_weekly
4,2016-05-17 09:00:00,16,51.666666666666664,55.0,seasonal_naive_weekly
4,2016-05-17 10:00:00,17,53.333333333333336,53.333333333333336,seasonal_naive_weekly
4,2016-05-17 11:00:00,18,51.666666666666664,56.666666666666664,seasonal_naive_weekly
4,2016-05-17 12:00:00,19,53.333333333333336,58.333333333333336,seasonal_naive_weekly
4,2016-05-17 13:00:00,20,41.666666666666664,53.333333333333336,seasonal_naive_weekly
4,2016-05-17 14:00:00,21,53.333333333333336,53.333333333333336,seasonal_naive_weekly
4,2016-05-17 15:00:00,22,51.666666666666664,56.666666666666664,seasonal_naive_weekly
4,2016-05-17 16:00:00,23,66.66666666666667,63.333333333333336,seasonal_naive_weekly
4,2016-05-17 17:00:00,24,153.33333333333334,126.66666666666669,seasonal_naive_weekly
5,2016-05-17 18:00:00,1,100.0,101.66666666666669,seasonal_naive_weekly
5,2016-05-17 19:00:00,2,123.33333333333331,105.0,seasonal_naive_weekly
5,2016-05-17 20:00:00,3,118.33333333333331,95.0,seasonal_naive_weekly
5,2016-05-17 21:00:00,4,65.0,68.33333333333333,seasonal_naive_weekly
5,2016-05-17 22:00:00,5,46.666666666666664,58.333333333333336,seasonal_naive_weekly
5,2016-05-17 23:00:00,6,55.0,56.666666666666664,seasonal_naive_weekly
5,2016-05-18 00:00:00,7,51.666666666666664,51.666666666666664,seasonal_naive_weekly
5,2016-05-18 01:00:00,8,53.333333333333336,56.666666666666664,seasonal_naive_weekly
5,2016-05-18 02:00:00,9,55.0,56.666666666666664,seasonal_naive_weekly
5,2016-05-18 03:00:00,10,51.666666666666664,53.333333333333336,seasonal_naive_weekly
5,2016-05-18 04:00:00,11,51.666666666666664,51.666666666666664,seasonal_naive_weekly
5,2016-05-18 05:00:00,12,65.0,68.33333333333333,seasonal_naive_weekly
5,2016-05-18 06:00:00,13,70.0,110.0,seasonal_naive_weekly
5,2016-05-18 07:00:00,14,53.333333333333336,76.66666666666667,seasonal_naive_weekly
5,2016-05-18 08:00:00,15,61.666666666666664,161.66666666666666,seasonal_naive_weekly
5,2016-05-18 09:00:00,16,65.0,65.0,seasonal_naive_weekly
5,2016-05-18 10:00:00,17,58.333333333333336,63.333333333333336,seasonal_naive_weekly
5,2016-05-18 11:00:00,18,70.0,55.0,seasonal_naive_weekly
5,2016-05-18 12:00:00,19,56.666666666666664,56.666666666666664,seasonal_naive_weekly
5,2016-05-18 13:00:00,20,86.66666666666667,73.33333333333333,seasonal_naive_weekly
5,2016-05-18 14:00:00,21,81.66666666666667,80.0,seasonal_naive_weekly
5,2016-05-18 15:00:00,22,83.33333333333333,76.66666666666667,seasonal_naive_weekly
5,2016-05-18 16:00:00,23,105.0,75.0,seasonal_naive_weekly
5,2016-05-18 17:00:00,24,118.33333333333331,91.66666666666669,seasonal_naive_weekly
6,2016-05-18 18:00:00,1,178.33333333333334,101.66666666666669,seasonal_naive_weekly
6,2016-05-18 19:00:00,2,143.33333333333334,95.0,seasonal_naive_weekly
6,2016-05-18 20:00:00,3,223.33333333333337,85.0,seasonal_naive_weekly
6,2016-05-18 21:00:00,4,81.66666666666667,61.666666666666664,seasonal_naive_weekly
6,2016-05-18 22:00:00,5,51.666666666666664,55.0,seasonal_naive_weekly
6,2016-05-18 23:00:00,6,56.666666666666664,56.666666666666664,seasonal_naive_weekly
6,2016-05-19 00:00:00,7,51.666666666666664,56.666666666666664,seasonal_naive_weekly
6,2016-05-19 01:00:00,8,51.666666666666664,56.666666666666664,seasonal_naive_weekly
6,2016-05-19 02:00:00,9,50.0,56.666666666666664,seasonal_naive_weekly
6,2016-05-19 03:00:00,10,51.666666666666664,50.0,seasonal_naive_weekly
6,2016-05-19 04:00:00,11,56.666666666666664,56.666666666666664,seasonal_naive_weekly
6,2016-05-19 05:00:00,12,55.0,61.666666666666664,seasonal_naive_weekly
6,2016-05-19 06:00:00,13,58.333333333333336,48.333333333333336,seasonal_naive_weekly
6,2016-05-19 07:00:00,14,50.0,58.333333333333336,seasonal_naive_weekly
6,2016-05-19 08:00:00,15,53.333333333333336,51.666666666666664,seasonal_naive_weekly
6,2016-05-19 09:00:00,16,36.666666666666664,48.333333333333336,seasonal_naive_weekly
6,2016-05-19 10:00:00,17,55.0,58.333333333333336,seasonal_naive_weekly
6,2016-05-19 11:00:00,18,51.666666666666664,50.0,seasonal_naive_weekly
6,2016-05-19 12:00:00,19,55.0,55.0,seasonal_naive_weekly
6,2016-05-19 13:00:00,20,50.0,56.666666666666664,seasonal_naive_weekly
6,2016-05-19 14:00:00,21,63.333333333333336,56.666666666666664,seasonal_naive_weekly
6,2016-05-19 15:00:00,22,81.66666666666667,68.33333333333333,seasonal_naive_weekly
6,2016-05-19 16:00:00,23,90.0,118.33333333333331,seasonal_naive_weekly
6,2016-05-19 17:00:00,24,208.33333333333337,208.33333333333337,seasonal_naive_weekly
7,2016-05-19 18:00:00,1,120.0,105.0,seasonal_naive_weekly
7,2016-05-19 19:00:00,2,98.33333333333331,123.33333333333331,seasonal_naive_weekly
7,2016-05-19 20:00:00,3,118.33333333333331,100.0,seasonal_naive_weekly
7,2016-05-19 21:00:00,4,66.66666666666667,71.66666666666667,seasonal_naive_weekly
7,2016-05-19 22:00:00,5,50.0,60.0,seasonal_naive_weekly
7,2016-05-19 23:00:00,6,56.666666666666664,56.666666666666664,seasonal_naive_weekly
7,2016-05-20 00:00:00,7,51.666666666666664,55.0,seasonal_naive_weekly
7,2016-05-20 01:00:00,8,51.666666666666664,53.333333333333336,seasonal_naive_weekly
7,2016-05-20 02:00:00,9,36.666666666666664,58.333333333333336,seasonal_naive_weekly
7,2016-05-20 03:00:00,10,58.333333333333336,58.333333333333336,seasonal_naive_weekly
7,2016-05-20 04:00:00,11,51.666666666666664,50.0,seasonal_naive_weekly
7,2016-05-20 05:00:00,12,61.666666666666664,58.333333333333336,seasonal_naive_weekly
7,2016-05-20 06:00:00,13,66.66666666666667,146.66666666666666,seasonal_naive_weekly
7,2016-05-20 07:00:00,14,80.0,176.66666666666666,seasonal_naive_weekly
7,2016-05-20 08:00:00,15,126.66666666666669,338.3333333333333,seasonal_naive_weekly
7,2016-05-20 09:00:00,16,73.33333333333333,93.33333333333331,seasonal_naive_weekly
7,2016-05-20 10:00:00,17,81.66666666666667,73.33333333333333,seasonal_naive_weekly
7,2016-05-20 11:00:00,18,73.33333333333333,355.0,seasonal_naive_weekly
7,2016-05-20 12:00:00,19,71.66666666666667,301.6666666666667,seasonal_naive_weekly
7,2016-05-20 13:00:00,20,61.666666666666664,268.3333333333333,seasonal_naive_weekly
7,2016-05-20 14:00:00,21,60.0,318.3333333333333,seasonal_naive_weekly
7,2016-05-20 15:00:00,22,46.666666666666664,201.66666666666663,seasonal_naive_weekly
7,2016-05-20 16:00:00,23,48.333333333333336,351.6666666666667,seasonal_naive_weekly
7,2016-05-20 17:00:00,24,75.0,231.66666666666663,seasonal_naive_weekly
8,2016-05-20 18:00:00,1,78.33333333333333,348.3333333333333,seasonal_naive_weekly
8,2016-05-20 19:00:00,2,65.0,208.33333333333337,seasonal_naive_weekly
8,2016-05-20 20:00:00,3,70.0,120.0,seasonal_naive_weekly
8,2016-05-20 21:00:00,4,65.0,63.333333333333336,seasonal_naive_weekly
8,2016-05-20 22:00:00,5,53.333333333333336,55.0,seasonal_naive_weekly
8,2016-05-20 23:00:00,6,45.0,61.666666666666664,seasonal_naive_weekly
8,2016-05-21 00:00:00,7,48.333333333333336,58.333333333333336,seasonal_naive_weekly
8,2016-05-21 01:00:00,8,51.666666666666664,63.333333333333336,seasonal_naive_weekly
8,2016-05-21 02:00:00,9,56.666666666666664,60.0,seasonal_naive_weekly
8,2016-05-21 03:00:00,10,48.333333333333336,60.0,seasonal_naive_weekly
8,2016-05-21 04:00:00,11,56.666666666666664,60.0,seasonal_naive_weekly
8,2016-05-21 05:00:00,12,51.666666666666664,56.666666666666664,seasonal_naive_weekly
8,2016-05-21 06:00:00,13,60.0,63.333333333333336,seasonal_naive_weekly
8,2016-05-21 07:00:00,14,56.666666666666664,113.33333333333331,seasonal_naive_weekly
8,2016-05-21 08:00:00,15,208.33333333333337,133.33333333333334,seasonal_naive_weekly
8,2016-05-21 09:00:00,16,310.0,118.33333333333331,seasonal_naive_weekly
8,2016-05-21 10:00:00,17,383.3333333333333,158.33333333333334,seasonal_naive_weekly
8,2016-05-21 11:00:00,18,431.6666666666667,96.66666666666669,seasonal_naive_weekly
8,2016-05-21 12:00:00,19,228.33333333333337,116.66666666666669,seasonal_naive_weekly
8,2016-05-21 13:00:00,20,343.3333333333333,113.33333333333331,seasonal_naive_weekly
8,2016-05-21 14:00:00,21,303.3333333333333,106.66666666666669,seasonal_naive_weekly
8,2016-05-21 15:00:00,22,361.6666666666667,130.0,seasonal_naive_weekly
8,2016-05-21 16:00:00,23,100.0,111.66666666666669,seasonal_naive_weekly
8,2016-05-21 17:00:00,24,95.0,241.66666666666663,seasonal_naive_weekly
9,2016-05-21 18:00:00,1,125.0,166.66666666666666,seasonal_naive_weekly
9,2016-05-21 19:00:00,2,108.33333333333331,90.0,seasonal_naive_weekly
9,2016-05-21 20:00:00,3,95.0,86.66666666666667,seasonal_naive_weekly
9,2016-05-21 21:00:00,4,135.0,75.0,seasonal_naive_weekly
9,2016-05-21 22:00:00,5,73.33333333333333,61.666666666666664,seasonal_naive_weekly
9,2016-05-21 23:00:00,6,148.33333333333334,48.333333333333336,seasonal_naive_weekly
9,2016-05-22 00:00:00,7,60.0,53.333333333333336,seasonal_naive_weekly
9,2016-05-22 01:00:00,8,56.666666666666664,55.0,seasonal_naive_weekly
9,2016-05-22 02:00:00,9,51.666666666666664,51.666666666666664,seasonal_naive_weekly
9,2016-05-22 03:00:00,10,53.333333333333336,40.0,seasonal_naive_weekly
9,2016-05-22 04:00:00,11,55.0,51.666666666666664,seasonal_naive_weekly
9,2016-05-22 05:00:00,12,50.0,56.666666666666664,seasonal_naive_weekly
9,2016-05-22 06:00:00,13,58.333333333333336,51.666666666666664,seasonal_naive_weekly
9,2016-05-22 07:00:00,14,63.333333333333336,93.33333333333331,seasonal_naive_weekly
9,2016-05-22 08:00:00,15,190.0,118.33333333333331,seasonal_naive_weekly
9,2016-05-22 09:00:00,16,113.33333333333331,101.66666666666669,seasonal_naive_weekly
9,2016-05-22 10:00:00,17,201.66666666666663,108.33333333333331,seasonal_naive_weekly
9,2016-05-22 11:00:00,18,343.3333333333333,105.0,seasonal_naive_weekly
9,2016-05-22 12:00:00,19,126.66666666666669,96.66666666666669,seasonal_naive_weekly
9,2016-05-22 13:00:00,20,103.33333333333331,136.66666666666666,seasonal_naive_weekly
9,2016-05-22 14:00:00,21,106.66666666666669,88.33333333333333,seasonal_naive_weekly
9,2016-05-22 15:00:00,22,96.66666666666669,93.33333333333331,seasonal_naive_weekly
9,2016-05-22 16:00:00,23,88.33333333333333,143.33333333333334,seasonal_naive_weekly
9,2016-05-22 17:00:00,24,265.0,236.66666666666663,seasonal_naive_weekly
10,2016-05-22 18:00:00,1,120.0,98.33333333333331,seasonal_naive_weekly
10,2016-05-22 19:00:00,2,96.66666666666669,96.66666666666669,seasonal_naive_weekly
10,2016-05-22 20:00:00,3,116.66666666666669,246.66666666666663,seasonal_naive_weekly
10,2016-05-22 21:00:00,4,88.33333333333333,203.33333333333337,seasonal_naive_weekly
10,2016-05-22 22:00:00,5,78.33333333333333,86.66666666666667,seasonal_naive_weekly
10,2016-05-22 23:00:00,6,60.0,83.33333333333333,seasonal_naive_weekly
10,2016-05-23 00:00:00,7,58.333333333333336,61.666666666666664,seasonal_naive_weekly
10,2016-05-23 01:00:00,8,51.666666666666664,53.333333333333336,seasonal_naive_weekly
10,2016-05-23 02:00:00,9,58.333333333333336,56.666666666666664,seasonal_naive_weekly
10,2016-05-23 03:00:00,10,51.666666666666664,53.333333333333336,seasonal_naive_weekly
10,2016-05-23 04:00:00,11,50.0,55.0,seasonal_naive_weekly
10,2016-05-23 05:00:00,12,66.66666666666667,51.666666666666664,seasonal_naive_weekly
10,2016-05-23 06:00:00,13,60.0,53.333333333333336,seasonal_naive_weekly
10,2016-05-23 07:00:00,14,56.666666666666664,61.666666666666664,seasonal_naive_weekly
10,2016-05-23 08:00:00,15,51.666666666666664,88.33333333333333,seasonal_naive_weekly
10,2016-05-23 09:00:00,16,55.0,70.0,seasonal_naive_weekly
10,2016-05-23 10:00:00,17,51.666666666666664,148.33333333333334,seasonal_naive_weekly
10,2016-05-23 11:00:00,18,56.666666666666664,103.33333333333331,seasonal_naive_weekly
10,2016-05-23 12:00:00,19,61.666666666666664,206.66666666666663,seasonal_naive_weekly
10,2016-05-23 13:00:00,20,56.666666666666664,266.6666666666667,seasonal_naive_weekly
10,2016-05-23 14:00:00,21,58.333333333333336,88.33333333333333,seasonal_naive_weekly
10,2016-05-23 15:00:00,22,73.33333333333333,111.66666666666669,seasonal_naive_weekly
10,2016-05-23 16:00:00,23,156.66666666666666,88.33333333333333,seasonal_naive_weekly
10,2016-05-23 17:00:00,24,380.0,243.33333333333337,seasonal_naive_weekly
11,2016-05-23 18:00:00,1,123.33333333333331,155.0,seasonal_naive_weekly
11,2016-05-23 19:00:00,2,120.0,115.0,seasonal_naive_weekly
11,2016-05-23 20:00:00,3,105.0,96.66666666666669,seasonal_naive_weekly
11,2016-05-23 21:00:00,4,68.33333333333333,68.33333333333333,seasonal_naive_weekly
11,2016-05-23 22:00:00,5,63.333333333333336,46.666666666666664,seasonal_naive_weekly
11,2016-05-23 23:00:00,6,58.333333333333336,60.0,seasonal_naive_weekly
11,2016-05-24 00:00:00,7,50.0,50.0,seasonal_naive_weekly
11,2016-05-24 01:00:00,8,56.666666666666664,55.0,seasonal_naive_weekly
11,2016-05-24 02:00:00,9,55.0,51.666666666666664,seasonal_naive_weekly
11,2016-05-24 03:00:00,10,53.333333333333336,53.333333333333336,seasonal_naive_weekly
11,2016-05-24 04:00:00,11,53.333333333333336,53.333333333333336,seasonal_naive_weekly
11,2016-05-24 05:00:00,12,106.66666666666669,58.333333333333336,seasonal_naive_weekly
11,2016-05-24 06:00:00,13,71.66666666666667,56.666666666666664,seasonal_naive_weekly
11,2016-05-24 07:00:00,14,161.66666666666666,65.0,seasonal_naive_weekly
11,2016-05-24 08:00:00,15,56.666666666666664,56.666666666666664,seasonal_naive_weekly
11,2016-05-24 09:00:00,16,38.333333333333336,51.666666666666664,seasonal_naive_weekly
11,2016-05-24 10:00:00,17,66.66666666666667,53.333333333333336,seasonal_naive_weekly
11,2016-05-24 11:00:00,18,101.66666666666669,51.666666666666664,seasonal_naive_weekly
11,2016-05-24 12:00:00,19,128.33333333333334,53.333333333333336,seasonal_naive_weekly
11,2016-05-24 13:00:00,20,118.33333333333331,41.666666666666664,seasonal_naive_weekly
11,2016-05-24 14:00:00,21,150.0,53.333333333333336,seasonal_naive_weekly
11,2016-05-24 15:00:00,22,141.66666666666666,51.666666666666664,seasonal_naive_weekly
11,2016-05-24 16:00:00,23,141.66666666666666,66.66666666666667,seasonal_naive_weekly
11,2016-05-24 17:00:00,24,203.33333333333337,153.33333333333334,seasonal_naive_weekly
12,2016-05-24 18:00:00,1,136.66666666666666,100.0,seasonal_naive_weekly
12,2016-05-24 19:00:00,2,123.33333333333331,123.33333333333331,seasonal_naive_weekly
12,2016-05-24 20:00:00,3,96.66666666666669,118.33333333333331,seasonal_naive_weekly
12,2016-05-24 21:00:00,4,76.66666666666667,65.0,seasonal_naive_weekly
12,2016-05-24 22:00:00,5,61.666666666666664,46.666666666666664,seasonal_naive_weekly
12,2016-05-24 23:00:00,6,58.333333333333336,55.0,seasonal_naive_weekly
12,2016-05-25 00:00:00,7,53.333333333333336,51.666666666666664,seasonal_naive_weekly
12,2016-05-25 01:00:00,8,53.333333333333336,53.333333333333336,seasonal_naive_weekly
12,2016-05-25 02:00:00,9,56.666666666666664,55.0,seasonal_naive_weekly
12,2016-05-25 03:00:00,10,48.333333333333336,51.666666666666664,seasonal_naive_weekly
12,2016-05-25 04:00:00,11,55.0,51.666666666666664,seasonal_naive_weekly
12,2016-05-25 05:00:00,12,55.0,65.0,seasonal_naive_weekly
12,2016-05-25 06:00:00,13,55.0,70.0,seasonal_naive_weekly
12,2016-05-25 07:00:00,14,65.0,53.333333333333336,seasonal_naive_weekly
12,2016-05-25 08:00:00,15,83.33333333333333,61.666666666666664,seasonal_naive_weekly
12,2016-05-25 09:00:00,16,90.0,65.0,seasonal_naive_weekly
12,2016-05-25 10:00:00,17,78.33333333333333,58.333333333333336,seasonal_naive_weekly
12,2016-05-25 11:00:00,18,50.0,70.0,seasonal_naive_weekly
12,2016-05-25 12:00:00,19,60.0,56.666666666666664,seasonal_naive_weekly
12,2016-05-25 13:00:00,20,71.66666666666667,86.66666666666667,seasonal_naive_weekly
12,2016-05-25 14:00:00,21,80.0,81.66666666666667,seasonal_naive_weekly
12,2016-05-25 15:00:00,22,80.0,83.33333333333333,seasonal_naive_weekly
12,2016-05-25 16:00:00,23,231.66666666666663,105.0,seasonal_naive_weekly
12,2016-05-25 17:00:00,24,118.33333333333331,118.33333333333331,seasonal_naive_weekly
13,2016-05-25 18:00:00,1,156.66666666666666,178.33333333333334,seasonal_naive_weekly
13,2016-05-25 19:00:00,2,118.33333333333331,143.33333333333334,seasonal_naive_weekly
13,2016-05-25 20:00:00,3,190.0,223.33333333333337,seasonal_naive_weekly
13,2016-05-25 21:00:00,4,56.666666666666664,81.66666666666667,seasonal_naive_weekly
13,2016-05-25 22:00:00,5,53.333333333333336,51.666666666666664,seasonal_naive_weekly
13,2016-05-25 23:00:00,6,53.333333333333336,56.666666666666664,seasonal_naive_weekly
13,2016-05-26 00:00:00,7,53.333333333333336,51.666666666666664,seasonal_naive_weekly
13,2016-05-26 01:00:00,8,55.0,51.666666666666664,seasonal_naive_weekly
13,2016-05-26 02:00:00,9,50.0,50.0,seasonal_naive_weekly
13,2016-05-26 03:00:00,10,56.666666666666664,51.666666666666664,seasonal_naive_weekly
13,2016-05-26 04:00:00,11,50.0,56.666666666666664,seasonal_naive_weekly
13,2016-05-26 05:00:00,12,56.666666666666664,55.0,seasonal_naive_weekly
13,2016-05-26 06:00:00,13,61.666666666666664,58.333333333333336,seasonal_naive_weekly
13,2016-05-26 07:00:00,14,100.0,50.0,seasonal_naive_weekly
13,2016-05-26 08:00:00,15,156.66666666666666,53.333333333333336,seasonal_naive_weekly
13,2016-05-26 09:00:00,16,276.6666666666667,36.666666666666664,seasonal_naive_weekly
13,2016-05-26 10:00:00,17,265.0,55.0,seasonal_naive_weekly
13,2016-05-26 11:00:00,18,243.33333333333337,51.666666666666664,seasonal_naive_weekly
13,2016-05-26 12:00:00,19,221.66666666666663,55.0,seasonal_naive_weekly
13,2016-05-26 13:00:00,20,75.0,50.0,seasonal_naive_weekly
13,2016-05-26 14:00:00,21,68.33333333333333,63.333333333333336,seasonal_naive_weekly
13,2016-05-26 15:00:00,22,61.666666666666664,81.66666666666667,seasonal_naive_weekly
13,2016-05-26 16:00:00,23,495.0,90.0,seasonal_naive_weekly
13,2016-05-26 17:00:00,24,440.0,208.33333333333337,seasonal_naive_weekly
14,2016-05-26 18:00:00,1,215.0,120.0,seasonal_naive_weekly
14,2016-05-26 19:00:00,2,223.33333333333337,98.33333333333331,seasonal_naive_weekly
14,2016-05-26 20:00:00,3,91.66666666666669,118.33333333333331,seasonal_naive_weekly
14,2016-05-26 21:00:00,4,76.66666666666667,66.66666666666667,seasonal_naive_weekly
14,2016-05-26 22:00:00,5,70.0,50.0,seasonal_naive_weekly
14,2016-05-26 23:00:00,6,65.0,56.666666666666664,seasonal_naive_weekly
14,2016-05-27 00:00:00,7,60.0,51.666666666666664,seasonal_naive_weekly
14,2016-05-27 01:00:00,8,58.333333333333336,51.666666666666664,seasonal_naive_weekly
14,2016-05-27 02:00:00,9,50.0,36.666666666666664,seasonal_naive_weekly
14,2016-05-27 03:00:00,10,58.333333333333336,58.333333333333336,seasonal_naive_weekly
14,2016-05-27 04:00:00,11,58.333333333333336,51.666666666666664,seasonal_naive_weekly
14,2016-05-27 05:00:00,12,58.333333333333336,61.666666666666664,seasonal_naive_weekly
14,2016-05-27 06:00:00,13,63.333333333333336,66.66666666666667,seasonal_naive_weekly
14,2016-05-27 07:00:00,14,111.66666666666669,80.0,seasonal_naive_weekly
14,2016-05-27 08:00:00,15,130.0,126.66666666666669,seasonal_naive_weekly
14,2016-05-27 09:00:00,16,251.66666666666663,73.33333333333333,seasonal_naive_weekly
14,2016-05-27 10:00:00,17,251.66666666666663,81.66666666666667,seasonal_naive_weekly
14,2016-05-27 11:00:00,18,310.0,73.33333333333333,seasonal_naive_weekly
14,2016-05-27 12:00:00,19,185.0,71.66666666666667,seasonal_naive_weekly
14,2016-05-27 13:00:00,20,265.0,61.666666666666664,seasonal_naive_weekly
14,2016-05-27 14:00:00,21,101.66666666666669,60.0,seasonal_naive_weekly
14,2016-05-27 15:00:00,22,76.66666666666667,46.666666666666664,seasonal_naive_weekly
14,2016-05-27 16:00:00,23,135.0,48.333333333333336,seasonal_naive_weekly
14,2016-05-27 17:00:00,24,180.0,75.0,seasonal_naive_weekly
1,2016-05-13 18:00:00,1,348.3333333333333,231.72651309846427,drift
1,2016-05-13 19:00:00,2,208.33333333333337,231.78635953026193,drift
1,2016-05-13 20:00:00,3,120.0,231.84620596205957,drift
1,2016-05-13 21:00:00,4,63.333333333333336,231.90605239385724,drift
1,2016-05-13 22:00:00,5,55.0,231.96589882565488,drift
1,2016-05-13 23:00:00,6,61.666666666666664,232.02574525745254,drift
1,2016-05-14 00:00:00,7,58.333333333333336,232.08559168925018,drift
1,2016-05-14 01:00:00,8,63.333333333333336,232.14543812104785,drift
1,2016-05-14 02:00:00,9,60.0,232.20528455284548,drift
1,2016-05-14 03:00:00,10,60.0,232.26513098464315,drift
1,2016-05-14 04:00:00,11,60.0,232.3249774164408,drift
1,2016-05-14 05:00:00,12,56.666666666666664,232.38482384823845,drift
1,2016-05-14 06:00:00,13,63.333333333333336,232.4446702800361,drift
1,2016-05-14 07:00:00,14,113.33333333333331,232.50451671183376,drift
1,2016-05-14 08:00:00,15,133.33333333333334,232.5643631436314,drift
1,2016-05-14 09:00:00,16,118.33333333333331,232.62420957542906,drift
1,2016-05-14 10:00:00,17,158.33333333333334,232.6840560072267,drift
1,2016-05-14 11:00:00,18,96.66666666666669,232.74390243902434,drift
1,2016-05-14 12:00:00,19,116.66666666666669,232.803748870822,drift
1,2016-05-14 13:00:00,20,113.33333333333331,232.86359530261964,drift
1,2016-05-14 14:00:00,21,106.66666666666669,232.9234417344173,drift
1,2016-05-14 15:00:00,22,130.0,232.98328816621495,drift
1,2016-05-14 16:00:00,23,111.66666666666669,233.0431345980126,drift
1,2016-05-14 17:00:00,24,241.66666666666663,233.10298102981025,drift
2,2016-05-14 18:00:00,1,166.66666666666666,241.72939068100354,drift
2,2016-05-14 19:00:00,2,90.0,241.79211469534047,drift
2,2016-05-14 20:00:00,3,86.66666666666667,241.85483870967738,drift
2,2016-05-14 21:00:00,4,75.0,241.9175627240143,drift
2,2016-05-14 22:00:00,5,61.666666666666664,241.98028673835123,drift
2,2016-05-14 23:00:00,6,48.333333333333336,242.04301075268813,drift
2,2016-05-15 00:00:00,7,53.333333333333336,242.10573476702504,drift
2,2016-05-15 01:00:00,8,55.0,242.16845878136198,drift
2,2016-05-15 02:00:00,9,51.666666666666664,242.23118279569889,drift
2,2016-05-15 03:00:00,10,40.0,242.2939068100358,drift
2,2016-05-15 04:00:00,11,51.666666666666664,242.35663082437273,drift
2,2016-05-15 05:00:00,12,56.666666666666664,242.41935483870964,drift
2,2016-05-15 06:00:00,13,51.666666666666664,242.48207885304654,drift
2,2016-05-15 07:00:00,14,93.33333333333331,242.54480286738348,drift
2,2016-05-15 08:00:00,15,118.33333333333331,242.6075268817204,drift
2,2016-05-15 09:00:00,16,101.66666666666669,242.6702508960573,drift
2,2016-05-15 10:00:00,17,108.33333333333331,242.73297491039423,drift
2,2016-05-15 11:00:00,18,105.0,242.79569892473114,drift
2,2016-05-15 12:00:00,19,96.66666666666669,242.85842293906805,drift
2,2016-05-15 13:00:00,20,136.66666666666666,242.92114695340499,drift
2,2016-05-15 14:00:00,21,88.33333333333333,242.9838709677419,drift
2,2016-05-15 15:00:00,22,93.33333333333331,243.0465949820788,drift
2,2016-05-15 16:00:00,23,143.33333333333334,243.10931899641574,drift
2,2016-05-15 17:00:00,24,236.66666666666663,243.17204301075265,drift
3,2016-05-15 18:00:00,1,98.33333333333331,236.7272222222222,drift
3,2016-05-15 19:00:00,2,96.66666666666669,236.78777777777773,drift
3,2016-05-15 20:00:00,3,246.66666666666663,236.8483333333333,drift
3,2016-05-15 21:00:00,4,203.33333333333337,236.90888888888884,drift
3,2016-05-15 22:00:00,5,86.66666666666667,236.9694444444444,drift
3,2016-05-15 23:00:00,6,83.33333333333333,237.02999999999997,drift
3,2016-05-16 00:00:00,7,61.666666666666664,237.0905555555555,drift
3,2016-05-16 01:00:00,8,53.333333333333336,237.15111111111108,drift
3,2016-05-16 02:00:00,9,56.666666666666664,237.21166666666662,drift
3,2016-05-16 03:00:00,10,53.333333333333336,237.27222222222218,drift
3,2016-05-16 04:00:00,11,55.0,237.33277777777775,drift
3,2016-05-16 05:00:00,12,51.666666666666664,237.3933333333333,drift
3,2016-05-16 06:00:00,13,53.333333333333336,237.45388888888886,drift
3,2016-05-16 07:00:00,14,61.666666666666664,237.5144444444444,drift
3,2016-05-16 08:00:00,15,88.33333333333333,237.57499999999996,drift
3,2016-05-16 09:00:00,16,70.0,237.63555555555553,drift
3,2016-05-16 10:00:00,17,148.33333333333334,237.69611111111107,drift
3,2016-05-16 11:00:00,18,103.33333333333331,237.75666666666663,drift
3,2016-05-16 12:00:00,19,206.66666666666663,237.81722222222217,drift
3,2016-05-16 13:00:00,20,266.6666666666667,237.87777777777774,drift
3,2016-05-16 14:00:00,21,88.33333333333333,237.9383333333333,drift
3,2016-05-16 15:00:00,22,111.66666666666669,237.99888888888884,drift
3,2016-05-16 16:00:00,23,88.33333333333333,238.0594444444444,drift
3,2016-05-16 17:00:00,24,243.33333333333337,238.11999999999995,drift
4,2016-05-16 18:00:00,1,155.0,243.39561287477957,drift
4,2016-05-16 19:00:00,2,115.0,243.45789241622577,drift
4,2016-05-16 20:00:00,3,96.66666666666669,243.520171957672,drift
4,2016-05-16 21:00:00,4,68.33333333333333,243.5824514991182,drift
4,2016-05-16 22:00:00,5,46.666666666666664,243.6447310405644,drift
4,2016-05-16 23:00:00,6,60.0,243.7070105820106,drift
4,2016-05-17 00:00:00,7,50.0,243.76929012345684,drift
4,2016-05-17 01:00:00,8,55.0,243.83156966490304,drift
4,2016-05-17 02:00:00,9,51.666666666666664,243.89384920634924,drift
4,2016-05-17 03:00:00,10,53.333333333333336,243.95612874779545,drift
4,2016-05-17 04:00:00,11,53.333333333333336,244.01840828924165,drift
4,2016-05-17 05:00:00,12,58.333333333333336,244.08068783068788,drift
4,2016-05-17 06:00:00,13,56.666666666666664,244.14296737213408,drift
4,2016-05-17 07:00:00,14,65.0,244.20524691358028,drift
4,2016-05-17 08:00:00,15,56.666666666666664,244.26752645502648,drift
4,2016-05-17 09:00:00,16,51.666666666666664,244.32980599647271,drift
4,2016-05-17 10:00:00,17,53.333333333333336,244.39208553791892,drift
4,2016-05-17 11:00:00,18,51.666666666666664,244.45436507936512,drift
4,2016-05-17 12:00:00,19,53.333333333333336,244.51664462081132,drift
4,2016-05-17 13:00:00,20,41.666666666666664,244.57892416225752,drift
4,2016-05-17 14:00:00,21,53.333333333333336,244.64120370370375,drift
4,2016-05-17 15:00:00,22,51.666666666666664,244.70348324514995,drift
4,2016-05-17 16:00:00,23,66.66666666666667,244.76576278659616,drift
4,2016-05-17 17:00:00,24,153.33333333333334,244.82804232804236,drift
5,2016-05-17 18:00:00,1,100.0,153.3655949256343,drift
5,2016-05-17 19:00:00,2,123.33333333333331,153.39785651793528,drift
5,2016-05-17 20:00:00,3,118.33333333333331,153.43011811023624,drift
5,2016-05-17 21:00:00,4,65.0,153.4623797025372,drift
5,2016-05-17 22:00:00,5,46.666666666666664,153.49464129483815,drift
5,2016-05-17 23:00:00,6,55.0,153.52690288713913,drift
5,2016-05-18 00:00:00,7,51.666666666666664,153.55916447944008,drift
5,2016-05-18 01:00:00,8,53.333333333333336,153.59142607174104,drift
5,2016-05-18 02:00:00,9,55.0,153.623687664042,drift
5,2016-05-18 03:00:00,10,51.666666666666664,153.65594925634298,drift
5,2016-05-18 04:00:00,11,51.666666666666664,153.68821084864393,drift
5,2016-05-18 05:00:00,12,65.0,153.7204724409449,drift
5,2016-05-18 06:00:00,13,70.0,153.75273403324584,drift
5,2016-05-18 07:00:00,14,53.333333333333336,153.78499562554683,drift
5,2016-05-18 08:00:00,15,61.666666666666664,153.81725721784778,drift
5,2016-05-18 09:00:00,16,65.0,153.84951881014874,drift
5,2016-05-18 10:00:00,17,58.333333333333336,153.8817804024497,drift
5,2016-05-18 11:00:00,18,70.0,153.91404199475068,drift
5,2016-05-18 12:00:00,19,56.666666666666664,153.94630358705163,drift
5,2016-05-18 13:00:00,20,86.66666666666667,153.9785651793526,drift
5,2016-05-18 14:00:00,21,81.66666666666667,154.01082677165354,drift
5,2016-05-18 15:00:00,22,83.33333333333333,154.04308836395452,drift
5,2016-05-18 16:00:00,23,105.0,154.07534995625548,drift
5,2016-05-18 17:00:00,24,118.33333333333331,154.10761154855643,drift
6,2016-05-18 18:00:00,1,178.33333333333334,118.35394965277776,drift
6,2016-05-18 19:00:00,2,143.33333333333334,118.3745659722222,drift
6,2016-05-18 20:00:00,3,223.33333333333337,118.39518229166664,drift
6,2016-05-18 21:00:00,4,81.66666666666667,118.41579861111109,drift
6,2016-05-18 22:00:00,5,51.666666666666664,118.43641493055554,drift
6,2016-05-18 23:00:00,6,56.666666666666664,118.45703124999999,drift
6,2016-05-19 00:00:00,7,51.666666666666664,118.47764756944443,drift
6,2016-05-19 01:00:00,8,51.666666666666664,118.49826388888887,drift
6,2016-05-19 02:00:00,9,50.0,118.51888020833331,drift
6,2016-05-19 03:00:00,10,51.666666666666664,118.53949652777776,drift
6,2016-05-19 04:00:00,11,56.666666666666664,118.5601128472222,drift
6,2016-05-19 05:00:00,12,55.0,118.58072916666664,drift
6,2016-05-19 06:00:00,13,58.333333333333336,118.60134548611109,drift
6,2016-05-19 07:00:00,14,50.0,118.62196180555554,drift
6,2016-05-19 08:00:00,15,53.333333333333336,118.64257812499999,drift
6,2016-05-19 09:00:00,16,36.666666666666664,118.66319444444443,drift
6,2016-05-19 10:00:00,17,55.0,118.68381076388887,drift
6,2016-05-19 11:00:00,18,51.666666666666664,118.70442708333331,drift
6,2016-05-19 12:00:00,19,55.0,118.72504340277776,drift
6,2016-05-19 13:00:00,20,50.0,118.7456597222222,drift
6,2016-05-19 14:00:00,21,63.333333333333336,118.76627604166664,drift
6,2016-05-19 15:00:00,22,81.66666666666667,118.78689236111109,drift
6,2016-05-19 16:00:00,23,90.0,118.80750868055554,drift
6,2016-05-19 17:00:00,24,208.33333333333337,118.82812499999999,drift
7,2016-05-19 18:00:00,1,120.0,208.38285960378988,drift
7,2016-05-19 19:00:00,2,98.33333333333331,208.43238587424636,drift
7,2016-05-19 20:00:00,3,118.33333333333331,208.48191214470287,drift
7,2016-05-19 21:00:00,4,66.66666666666667,208.53143841515939,drift
7,2016-05-19 22:00:00,5,50.0,208.5809646856159,drift
7,2016-05-19 23:00:00,6,56.666666666666664,208.63049095607238,drift
7,2016-05-20 00:00:00,7,51.666666666666664,208.6800172265289,drift
7,2016-05-20 01:00:00,8,51.666666666666664,208.7295434969854,drift
7,2016-05-20 02:00:00,9,36.666666666666664,208.7790697674419,drift
7,2016-05-20 03:00:00,10,58.333333333333336,208.8285960378984,drift
7,2016-05-20 04:00:00,11,51.666666666666664,208.8781223083549,drift
7,2016-05-20 05:00:00,12,61.666666666666664,208.92764857881141,drift
7,2016-05-20 06:00:00,13,66.66666666666667,208.9771748492679,drift
7,2016-05-20 07:00:00,14,80.0,209.0267011197244,drift
7,2016-05-20 08:00:00,15,126.66666666666669,209.07622739018092,drift
7,2016-05-20 09:00:00,16,73.33333333333333,209.12575366063743,drift
7,2016-05-20 10:00:00,17,81.66666666666667,209.1752799310939,drift
7,2016-05-20 11:00:00,18,73.33333333333333,209.22480620155042,drift
7,2016-05-20 12:00:00,19,71.66666666666667,209.27433247200693,drift
7,2016-05-20 13:00:00,20,61.666666666666664,209.32385874246344,drift
7,2016-05-20 14:00:00,21,60.0,209.37338501291993,drift
7,2016-05-20 15:00:00,22,46.666666666666664,209.42291128337644,drift
7,2016-05-20 16:00:00,23,48.333333333333336,209.47243755383295,drift
7,2016-05-20 17:00:00,24,75.0,209.52196382428946,drift
8,2016-05-20 18:00:00,1,78.33333333333333,75.00641025641026,drift
8,2016-05-20 19:00:00,2,65.0,75.01282051282051,drift
8,2016-05-20 20:00:00,3,70.0,75.01923076923077,drift
8,2016-05-20 21:00:00,4,65.0,75.02564102564102,drift
8,2016-05-20 22:00:00,5,53.333333333333336,75.03205128205128,drift
8,2016-05-20 23:00:00,6,45.0,75.03846153846153,drift
8,2016-05-21 00:00:00,7,48.333333333333336,75.0448717948718,drift
8,2016-05-21 01:00:00,8,51.666666666666664,75.05128205128206,drift
8,2016-05-21 02:00:00,9,56.666666666666664,75.0576923076923,drift
8,2016-05-21 03:00:00,10,48.333333333333336,75.06410256410257,drift
8,2016-05-21 04:00:00,11,56.666666666666664,75.07051282051282,drift
8,2016-05-21 05:00:00,12,51.666666666666664,75.07692307692308,drift
8,2016-05-21 06:00:00,13,60.0,75.08333333333333,drift
8,2016-05-21 07:00:00,14,56.666666666666664,75.08974358974359,drift
8,2016-05-21 08:00:00,15,208.33333333333337,75.09615384615384,drift
8,2016-05-21 09:00:00,16,310.0,75.1025641025641,drift
8,2016-05-21 10:00:00,17,383.3333333333333,75.10897435897436,drift
8,2016-05-21 11:00:00,18,431.6666666666667,75.11538461538461,drift
8,2016-05-21 12:00:00,19,228.33333333333337,75.12179487179488,drift
8,2016-05-21 13:00:00,20,343.3333333333333,75.12820512820512,drift
8,2016-05-21 14:00:00,21,303.3333333333333,75.13461538461539,drift
8,2016-05-21 15:00:00,22,361.6666666666667,75.14102564102564,drift
8,2016-05-21 16:00:00,23,100.0,75.1474358974359,drift
8,2016-05-21 17:00:00,24,95.0,75.15384615384616,drift
9,2016-05-21 18:00:00,1,125.0,95.01272264631044,drift
9,2016-05-21 19:00:00,2,108.33333333333331,95.02544529262086,drift
9,2016-05-21 20:00:00,3,95.0,95.0381679389313,drift
9,2016-05-21 21:00:00,4,135.0,95.05089058524173,drift
9,2016-05-21 22:00:00,5,73.33333333333333,95.06361323155217,drift
9,2016-05-21 23:00:00,6,148.33333333333334,95.07633587786259,drift
9,2016-05-22 00:00:00,7,60.0,95.08905852417303,drift
9,2016-05-22 01:00:00,8,56.666666666666664,95.10178117048346,drift
9,2016-05-22 02:00:00,9,51.666666666666664,95.1145038167939,drift
9,2016-05-22 03:00:00,10,53.333333333333336,95.12722646310432,drift
9,2016-05-22 04:00:00,11,55.0,95.13994910941476,drift
9,2016-05-22 05:00:00,12,50.0,95.1526717557252,drift
9,2016-05-22 06:00:00,13,58.333333333333336,95.16539440203562,drift
9,2016-05-22 07:00:00,14,63.333333333333336,95.17811704834605,drift
9,2016-05-22 08:00:00,15,190.0,95.19083969465649,drift
9,2016-05-22 09:00:00,16,113.33333333333331,95.20356234096693,drift
9,2016-05-22 10:00:00,17,201.66666666666663,95.21628498727735,drift
9,2016-05-22 11:00:00,18,343.3333333333333,95.22900763358778,drift
9,2016-05-22 12:00:00,19,126.66666666666669,95.24173027989822,drift
9,2016-05-22 13:00:00,20,103.33333333333331,95.25445292620866,drift
9,2016-05-22 14:00:00,21,106.66666666666669,95.26717557251908,drift
9,2016-05-22 15:00:00,22,96.66666666666669,95.27989821882952,drift
9,2016-05-22 16:00:00,23,88.33333333333333,95.29262086513995,drift
9,2016-05-22 17:00:00,24,265.0,95.30534351145039,drift
10,2016-05-22 18:00:00,1,120.0,265.0662878787879,drift
10,2016-05-22 19:00:00,2,96.66666666666669,265.13257575757575,drift
10,2016-05-22 20:00:00,3,116.66666666666669,265.1988636363636,drift
10,2016-05-22 21:00:00,4,88.33333333333333,265.2651515151515,drift
10,2016-05-22 22:00:00,5,78.33333333333333,265.3314393939394,drift
10,2016-05-22 23:00:00,6,60.0,265.39772727272725,drift
10,2016-05-23 00:00:00,7,58.333333333333336,265.4640151515151,drift
10,2016-05-23 01:00:00,8,51.666666666666664,265.530303030303,drift
10,2016-05-23 02:00:00,9,58.333333333333336,265.59659090909093,drift
10,2016-05-23 03:00:00,10,51.666666666666664,265.6628787878788,drift
10,2016-05-23 04:00:00,11,50.0,265.7291666666667,drift
10,2016-05-23 05:00:00,12,66.66666666666667,265.79545454545456,drift
10,2016-05-23 06:00:00,13,60.0,265.86174242424244,drift
10,2016-05-23 07:00:00,14,56.666666666666664,265.9280303030303,drift
10,2016-05-23 08:00:00,15,51.666666666666664,265.9943181818182,drift
10,2016-05-23 09:00:00,16,55.0,266.06060606060606,drift
10,2016-05-23 10:00:00,17,51.666666666666664,266.12689393939394,drift
10,2016-05-23 11:00:00,18,56.666666666666664,266.1931818181818,drift
10,2016-05-23 12:00:00,19,61.666666666666664,266.2594696969697,drift
10,2016-05-23 13:00:00,20,56.666666666666664,266.32575757575756,drift
10,2016-05-23 14:00:00,21,58.333333333333336,266.39204545454544,drift
10,2016-05-23 15:00:00,22,73.33333333333333,266.4583333333333,drift
10,2016-05-23 16:00:00,23,156.66666666666666,266.5246212121212,drift
10,2016-05-23 17:00:00,24,380.0,266.59090909090907,drift
11,2016-05-23 18:00:00,1,123.33333333333331,380.1018170426065,drift
11,2016-05-23 19:00:00,2,120.0,380.203634085213,drift
11,2016-05-23 20:00:00,3,105.0,380.30545112781954,drift
11,2016-05-23 21:00:00,4,68.33333333333333,380.40726817042605,drift
11,2016-05-23 22:00:00,5,63.333333333333336,380.50908521303256,drift
11,2016-05-23 23:00:00,6,58.333333333333336,380.6109022556391,drift
11,2016-05-24 00:00:00,7,50.0,380.7127192982456,drift
11,2016-05-24 01:00:00,8,56.666666666666664,380.81453634085216,drift
11,2016-05-24 02:00:00,9,55.0,380.91635338345867,drift
11,2016-05-24 03:00:00,10,53.333333333333336,381.0181704260652,drift
11,2016-05-24 04:00:00,11,53.333333333333336,381.1199874686717,drift
11,2016-05-24 05:00:00,12,106.66666666666669,381.2218045112782,drift
11,2016-05-24 06:00:00,13,71.66666666666667,381.3236215538847,drift
11,2016-05-24 07:00:00,14,161.66666666666666,381.42543859649123,drift
11,2016-05-24 08:00:00,15,56.666666666666664,381.52725563909775,drift
11,2016-05-24 09:00:00,16,38.333333333333336,381.62907268170426,drift
11,2016-05-24 10:00:00,17,66.66666666666667,381.73088972431077,drift
11,2016-05-24 11:00:00,18,101.66666666666669,381.8327067669173,drift
11,2016-05-24 12:00:00,19,128.33333333333334,381.9345238095238,drift
11,2016-05-24 13:00:00,20,118.33333333333331,382.0363408521303,drift
11,2016-05-24 14:00:00,21,150.0,382.1381578947368,drift
11,2016-05-24 15:00:00,22,141.66666666666666,382.23997493734333,drift
11,2016-05-24 16:00:00,23,141.66666666666666,382.3417919799499,drift
11,2016-05-24 17:00:00,24,203.33333333333337,382.4436090225564,drift
12,2016-05-24 18:00:00,1,136.66666666666666,203.37945688225543,drift
12,2016-05-24 19:00:00,2,123.33333333333331,203.42558043117748,drift
12,2016-05-24 20:00:00,3,96.66666666666669,203.47170398009953,drift
12,2016-05-24 21:00:00,4,76.66666666666667,203.5178275290216,drift
12,2016-05-24 22:00:00,5,61.666666666666664,203.56395107794364,drift
12,2016-05-24 23:00:00,6,58.333333333333336,203.6100746268657,drift
12,2016-05-25 00:00:00,7,53.333333333333336,203.65619817578778,drift
12,2016-05-25 01:00:00,8,53.333333333333336,203.70232172470983,drift
12,2016-05-25 02:00:00,9,56.666666666666664,203.7484452736319,drift
12,2016-05-25 03:00:00,10,48.333333333333336,203.79456882255394,drift
12,2016-05-25 04:00:00,11,55.0,203.840692371476,drift
12,2016-05-25 05:00:00,12,55.0,203.88681592039805,drift
12,2016-05-25 06:00:00,13,55.0,203.9329394693201,drift
12,2016-05-25 07:00:00,14,65.0,203.97906301824216,drift
12,2016-05-25 08:00:00,15,83.33333333333333,204.0251865671642,drift
12,2016-05-25 09:00:00,16,90.0,204.07131011608627,drift
12,2016-05-25 10:00:00,17,78.33333333333333,204.11743366500832,drift
12,2016-05-25 11:00:00,18,50.0,204.16355721393037,drift
12,2016-05-25 12:00:00,19,60.0,204.20968076285243,drift
12,2016-05-25 13:00:00,20,71.66666666666667,204.2558043117745,drift
12,2016-05-25 14:00:00,21,80.0,204.30192786069657,drift
12,2016-05-25 15:00:00,22,80.0,204.34805140961862,drift
12,2016-05-25 16:00:00,23,231.66666666666663,204.39417495854067,drift
12,2016-05-25 17:00:00,24,118.33333333333331,204.44029850746273,drift
13,2016-05-25 18:00:00,1,156.66666666666666,118.35288065843619,drift
13,2016-05-25 19:00:00,2,118.33333333333331,118.37242798353907,drift
13,2016-05-25 20:00:00,3,190.0,118.39197530864196,drift
13,2016-05-25 21:00:00,4,56.666666666666664,118.41152263374484,drift
13,2016-05-25 22:00:00,5,53.333333333333336,118.43106995884771,drift
13,2016-05-25 23:00:00,6,53.333333333333336,118.45061728395059,drift
13,2016-05-26 00:00:00,7,53.333333333333336,118.47016460905348,drift
13,2016-05-26 01:00:00,8,55.0,118.48971193415636,drift
13,2016-05-26 02:00:00,9,50.0,118.50925925925924,drift
13,2016-05-26 03:00:00,10,56.666666666666664,118.52880658436212,drift
13,2016-05-26 04:00:00,11,50.0,118.548353909465,drift
13,2016-05-26 05:00:00,12,56.666666666666664,118.56790123456788,drift
13,2016-05-26 06:00:00,13,61.666666666666664,118.58744855967076,drift
13,2016-05-26 07:00:00,14,100.0,118.60699588477364,drift
13,2016-05-26 08:00:00,15,156.66666666666666,118.62654320987653,drift
13,2016-05-26 09:00:00,16,276.6666666666667,118.64609053497941,drift
13,2016-05-26 10:00:00,17,265.0,118.66563786008228,drift
13,2016-05-26 11:00:00,18,243.33333333333337,118.68518518518516,drift
13,2016-05-26 12:00:00,19,221.66666666666663,118.70473251028805,drift
13,2016-05-26 13:00:00,20,75.0,118.72427983539093,drift
13,2016-05-26 14:00:00,21,68.33333333333333,118.74382716049381,drift
13,2016-05-26 15:00:00,22,61.666666666666664,118.76337448559669,drift
13,2016-05-26 16:00:00,23,495.0,118.78292181069956,drift
13,2016-05-26 17:00:00,24,440.0,118.80246913580245,drift
14,2016-05-26 18:00:00,1,215.0,440.11795343137254,drift
14,2016-05-26 19:00:00,2,223.33333333333337,440.2359068627451,drift
14,2016-05-26 20:00:00,3,91.66666666666669,440.3538602941176,drift
14,2016-05-26 21:00:00,4,76.66666666666667,440.4718137254902,drift
14,2016-05-26 22:00:00,5,70.0,440.58976715686276,drift
14,2016-05-26 23:00:00,6,65.0,440.7077205882353,drift
14,2016-05-27 00:00:00,7,60.0,440.82567401960785,drift
14,2016-05-27 01:00:00,8,58.333333333333336,440.9436274509804,drift
14,2016-05-27 02:00:00,9,50.0,441.0615808823529,drift
14,2016-05-27 03:00:00,10,58.333333333333336,441.17953431372547,drift
14,2016-05-27 04:00:00,11,58.333333333333336,441.29748774509807,drift
14,2016-05-27 05:00:00,12,58.333333333333336,441.4154411764706,drift
14,2016-05-27 06:00:00,13,63.333333333333336,441.53339460784315,drift
14,2016-05-27 07:00:00,14,111.66666666666669,441.6513480392157,drift
14,2016-05-27 08:00:00,15,130.0,441.76930147058823,drift
14,2016-05-27 09:00:00,16,251.66666666666663,441.8872549019608,drift
14,2016-05-27 10:00:00,17,251.66666666666663,442.0052083333333,drift
14,2016-05-27 11:00:00,18,310.0,442.12316176470586,drift
14,2016-05-27 12:00:00,19,185.0,442.24111519607845,drift
14,2016-05-27 13:00:00,20,265.0,442.359068627451,drift
14,2016-05-27 14:00:00,21,101.66666666666669,442.47702205882354,drift
14,2016-05-27 15:00:00,22,76.66666666666667,442.5949754901961,drift
14,2016-05-27 16:00:00,23,135.0,442.7129289215686,drift
14,2016-05-27 17:00:00,24,180.0,442.83088235294116,drift
